,사고번호,사고일시,요일,시군구,사고내용,사망자수,중상자수,경상자수,부상신고자수,사고유형,법규위반,노면상태,기상상태,도로형태,가해운전자 차종,가해운전자 성별,가해운전자 연령,가해운전자 상해정도,피해운전자 차종,피해운전자 성별,피해운전자 연령,피해운전자 상해정도
222,2018020700100341,2018년 2월 7일 14시,수요일,경상북도 안동시 남문동,경상사고,0,0,1,0,차대사람 - 차도통행중,안전운전불이행,포장 - 건조,맑음,단일로 - 기타,승용,남,43세,상해없음,보행자,여,70세,경상
223,2018020700100374,2018년 2월 7일 15시,수요일,경상북도 영주시 영주동,중상사고,0,1,0,0,차대사람 - 횡단중,안전운전불이행,포장 - 건조,맑음,교차로 - 교차로안,화물,남,69세,상해없음,보행자,여,69세,중상
224,2018020700100375,2018년 2월 7일 15시,수요일,경상북도 영천시 야사동,경상사고,0,0,1,0,차대사람 - 길가장자리구역통행중,안전운전불이행,포장 - 건조,맑음,단일로 - 기타,승용,남,66세,상해없음,보행자,여,57세,경상
225,2018020700100451,2018년 2월 7일 17시,수요일,경상북도 안동시 송현동,경상사고,0,0,1,0,차대사람 - 차도통행중,안전운전불이행,포장 - 건조,맑음,단일로 - 기타,승용,남,59세,상해없음,보행자,여,17세,경상
226,2018020700100507,2018년 2월 7일 18시,수요일,경상북도 경주시 구정동,경상사고,0,0,1,0,차대사람 - 차도통행중,안전운전불이행,포장 - 건조,맑음,교차로 - 교차로안,승용,남,58세,상해없음,보행자,여,82세,경상
227,2018020800100201,2018년 2월 8일 09시,목요일,경상북도 울진군 죽변면,경상사고,0,0,1,0,차대사람 - 횡단중,보행자보호의무위반,포장 - 건조,맑음,교차로 - 교차로부근,승용,남,59세,상해없음,보행자,여,58세,경상
228,2018020800100304,2018년 2월 8일 12시,목요일,경상북도 포항시 북구 흥해읍,중상사고,0,1,0,0,차대사람 - 기타,안전운전불이행,포장 - 건조,맑음,단일로 - 기타,승용,여,52세,상해없음,보행자,여,83세,중상
229,2018020800100335,2018년 2월 8일 13시,목요일,경상북도 안동시 북문동,경상사고,0,0,1,0,차대사람 - 보도통행중,보행자보호의무위반,포장 - 건조,맑음,단일로 - 기타,승용,남,76세,상해없음,보행자,여,12세,경상
230,2018020800100369,2018년 2월 8일 14시,목요일,경상북도 영주시 풍기읍,경상사고,0,0,1,0,차대사람 - 횡단중,중앙선침범,포장 - 건조,맑음,단일로 - 기타,이륜,남,52세,상해없음,보행자,남,14세,경상
231,2018020800100469,2018년 2월 8일 16시,목요일,경상북도 포항시 남구 상도동,경상사고,0,0,1,0,차대사람 - 횡단중,중앙선침범,포장 - 건조,맑음,교차로 - 교차로부근,승용,남,73세,상해없음,보행자,남,16세,경상
232,2018020800100592,2018년 2월 8일 19시,목요일,경상북도 경주시 황성동,중상사고,0,1,0,0,차대사람 - 길가장자리구역통행중,안전운전불이행,포장 - 건조,맑음,교차로 - 교차로안,화물,남,59세,상해없음,보행자,남,54세,중상
233,2018020800100628,2018년 2월 8일 20시,목요일,경상북도 포항시 남구 연일읍,중상사고,0,1,0,0,차대사람 - 차도통행중,안전운전불이행,포장 - 건조,맑음,단일로 - 기타,원동기,남,37세,상해없음,보행자,남,48세,중상
234,2018020800100703,2018년 2월 8일 22시,목요일,경상북도 경산시 진량읍,중상사고,0,1,0,0,차대사람 - 횡단중,보행자보호의무위반,포장 - 건조,맑음,교차로 - 교차로횡단보도내,승용,남,75세,상해없음,보행자,여,29세,중상
235,2018020800100704,2018년 2월 8일 22시,목요일,경상북도 포항시 남구 오천읍,경상사고,0,0,1,0,차대사람 - 횡단중,안전운전불이행,포장 - 건조,맑음,단일로 - 기타,이륜,남,23세,기타불명,보행자,남,38세,경상
236,2018020900100177,2018년 2월 9일 09시,금요일,경상북도 칠곡군 북삼읍,중상사고,0,1,0,0,차대사람 - 기타,안전운전불이행,포장 - 건조,맑음,주차장 - 주차장,화물,남,64세,상해없음,보행자,여,67세,중상
237,2018020900100218,2018년 2월 9일 10시,금요일,경상북도 문경시 가은읍,중상사고,0,1,0,0,차대사람 - 차도통행중,안전운전불이행,포장 - 건조,맑음,단일로 - 기타,사륜오토바이(ATV),기타불명,미분류,기타불명,보행자,여,78세,중상
238,2018020900100293,2018년 2월 9일 12시,금요일,경상북도 상주시 남성동,중상사고,0,1,0,0,차대사람 - 횡단중,안전운전불이행,포장 - 건조,맑음,교차로 - 교차로안,승용,여,51세,상해없음,보행자,여,82세,중상
239,2018020900100358,2018년 2월 9일 14시,금요일,경상북도 경주시 외동읍,경상사고,0,0,1,0,차대사람 - 차도통행중,안전운전불이행,포장 - 건조,맑음,단일로 - 기타,승용,여,65세,상해없음,보행자,남,82세,경상
240,2018020900100524,2018년 2월 9일 18시,금요일,경상북도 경주시 성동동,중상사고,0,1,0,0,차대사람 - 횡단중,보행자보호의무위반,포장 - 건조,맑음,단일로 - 기타,화물,여,52세,상해없음,보행자,여,74세,중상
241,2018020900100525,2018년 2월 9일 18시,금요일,경상북도 안동시 풍산읍,중상사고,0,1,0,0,차대사람 - 차도통행중,안전운전불이행,포장 - 건조,맑음,단일로 - 기타,승용,남,75세,상해없음,보행자,여,75세,중상
242,2018020900100526,2018년 2월 9일 18시,금요일,경상북도 영주시 영주동,중상사고,0,1,0,0,차대사람 - 횡단중,중앙선침범,포장 - 건조,맑음,교차로 - 교차로부근,승용,여,49세,상해없음,보행자,여,75세,중상
243,2018020900100528,2018년 2월 9일 18시,금요일,경상북도 구미시 봉곡동,경상사고,0,0,1,0,차대사람 - 기타,보행자보호의무위반,포장 - 건조,맑음,교차로 - 교차로횡단보도내,승용,여,31세,상해없음,보행자,여,18세,경상
244,2018020900100765,2018년 2월 9일 23시,금요일,경상북도 경산시 하양읍,사망사고,1,0,0,0,차대사람 - 길가장자리구역통행중,안전운전불이행,포장 - 건조,맑음,단일로 - 기타,승용,남,57세,상해없음,보행자,남,78세,사망
245,2018021000100207,2018년 2월 10일 10시,토요일,경상북도 포항시 남구 오천읍,경상사고,0,0,1,0,차대사람 - 길가장자리구역통행중,안전운전불이행,포장 - 건조,맑음,단일로 - 기타,승용,여,61세,상해없음,보행자,남,63세,경상
246,2018021000100230,2018년 2월 10일 11시,토요일,경상북도 영천시 금호읍,사망사고,1,0,0,0,차대사람 - 횡단중,안전운전불이행,포장 - 건조,맑음,교차로 - 교차로부근,건설기계,남,43세,상해없음,보행자,남,85세,사망
247,2018021000100280,2018년 2월 10일 13시,토요일,경상북도 포항시 북구 죽도동,중상사고,0,1,0,0,차대사람 - 길가장자리구역통행중,안전운전불이행,포장 - 건조,맑음,교차로 - 교차로부근,화물,남,53세,상해없음,보행자,여,63세,중상
248,2018021000100344,2018년 2월 10일 15시,토요일,경상북도 경산시 사동,경상사고,0,0,1,0,차대사람 - 횡단중,안전운전불이행,포장 - 건조,맑음,단일로 - 기타,승합,여,50세,상해없음,보행자,남,5세,경상
249,2018021000100345,2018년 2월 10일 15시,토요일,경상북도 포항시 남구 오천읍,경상사고,0,0,1,0,차대사람 - 기타,안전운전불이행,포장 - 건조,맑음,단일로 - 기타,승용,남,25세,상해없음,보행자,여,38세,경상
250,2018021000100370,2018년 2월 10일 16시,토요일,경상북도 포항시 남구 오천읍,경상사고,0,0,1,0,차대사람 - 길가장자리구역통행중,안전운전불이행,포장 - 건조,맑음,단일로 - 기타,화물,여,58세,상해없음,보행자,남,25세,경상
251,2018021000100426,2018년 2월 10일 18시,토요일,경상북도 포항시 남구 오천읍,경상사고,0,0,1,0,차대사람 - 횡단중,안전운전불이행,포장 - 건조,맑음,단일로 - 기타,기타불명,기타불명,미분류,기타불명,보행자,여,7세,경상
252,2018021100100338,2018년 2월 11일 18시,일요일,경상북도 김천시 아포읍,중상사고,0,1,0,0,차대사람 - 횡단중,안전운전불이행,포장 - 건조,맑음,교차로 - 교차로안,화물,남,40세,상해없음,보행자,남,59세,중상
253,2018021100100339,2018년 2월 11일 18시,일요일,경상북도 칠곡군 왜관읍,경상사고,0,0,1,0,차대사람 - 기타,안전운전불이행,포장 - 건조,맑음,단일로 - 기타,승용,여,29세,상해없음,보행자,여,58세,경상
254,2018021100100341,2018년 2월 11일 18시,일요일,경상북도 청도군 청도읍,사망사고,1,0,0,0,차대사람 - 차도통행중,안전운전불이행,포장 - 건조,맑음,단일로 - 기타,승용,남,59세,상해없음,보행자,여,76세,사망
255,2018021200100276,2018년 2월 12일 12시,월요일,경상북도 청도군 청도읍,경상사고,0,0,1,0,차대사람 - 차도통행중,안전운전불이행,포장 - 건조,맑음,기타 - 기타,승용,여,45세,상해없음,보행자,남,49세,경상
256,2018021200100277,2018년 2월 12일 12시,월요일,경상북도 포항시 남구 상도동,경상사고,0,0,1,0,차대사람 - 길가장자리구역통행중,안전운전불이행,포장 - 건조,맑음,단일로 - 기타,승용,여,35세,상해없음,보행자,여,40세,경상
257,2018021200100318,2018년 2월 12일 13시,월요일,경상북도 안동시 안흥동,경상사고,0,0,1,0,차대사람 - 길가장자리구역통행중,안전운전불이행,포장 - 건조,맑음,교차로 - 교차로부근,승용,남,69세,상해없음,보행자,여,36세,경상
258,2018021200100406,2018년 2월 12일 15시,월요일,경상북도 영주시 영주동,중상사고,0,1,0,0,차대사람 - 횡단중,보행자보호의무위반,포장 - 건조,맑음,기타 - 기타,승용,여,38세,상해없음,보행자,여,26세,중상
259,2018021200100494,2018년 2월 12일 17시,월요일,경상북도 경주시 인왕동,중상사고,0,1,0,0,차대사람 - 횡단중,안전운전불이행,포장 - 건조,맑음,주차장 - 주차장,승용,여,42세,상해없음,보행자,여,5세,중상
260,2018021200100559,2018년 2월 12일 18시,월요일,경상북도 문경시 산북면,사망사고,1,0,0,0,차대사람 - 차도통행중,안전운전불이행,포장 - 젖음/습기,맑음,단일로 - 기타,승용,남,81세,상해없음,보행자,여,75세,사망
261,2018021200100661,2018년 2월 12일 20시,월요일,경상북도 경산시 압량면,경상사고,0,0,1,0,차대사람 - 횡단중,보행자보호의무위반,포장 - 건조,맑음,교차로 - 교차로안,승용,남,32세,상해없음,보행자,남,23세,경상
262,2018021200100703,2018년 2월 12일 21시,월요일,경상북도 상주시 청리면,중상사고,0,1,0,0,차대사람 - 길가장자리구역통행중,안전운전불이행,포장 - 건조,맑음,단일로 - 기타,승용,여,59세,상해없음,보행자,여,82세,중상
263,2018021300100207,2018년 2월 13일 09시,화요일,경상북도 경주시 감포읍,중상사고,0,1,0,0,차대사람 - 횡단중,안전운전불이행,포장 - 건조,맑음,교차로 - 교차로부근,승합,남,51세,상해없음,보행자,남,76세,중상
264,2018021300100251,2018년 2월 13일 10시,화요일,경상북도 안동시 풍산읍,경상사고,0,0,1,0,차대사람 - 차도통행중,안전운전불이행,포장 - 건조,맑음,단일로 - 기타,화물,남,56세,상해없음,보행자,여,83세,경상
265,2018021300100405,2018년 2월 13일 14시,화요일,경상북도 포항시 북구 죽도동,경상사고,0,0,1,0,차대사람 - 횡단중,신호위반,포장 - 건조,맑음,단일로 - 기타,화물,남,38세,상해없음,보행자,여,55세,경상
266,2018021300100407,2018년 2월 13일 14시,화요일,경상북도 문경시 점촌동,경상사고,0,0,1,0,차대사람 - 기타,안전운전불이행,포장 - 건조,맑음,교차로 - 교차로안,승용,여,59세,상해없음,보행자,여,72세,경상
267,2018021300100562,2018년 2월 13일 17시,화요일,경상북도 영천시 야사동,경상사고,0,0,1,0,차대사람 - 횡단중,보행자보호의무위반,포장 - 건조,맑음,교차로 - 교차로횡단보도내,승용,여,46세,상해없음,보행자,여,81세,경상
268,2018021300100619,2018년 2월 13일 18시,화요일,경상북도 포항시 남구 오천읍,중상사고,0,1,0,0,차대사람 - 횡단중,안전운전불이행,포장 - 건조,맑음,단일로 - 기타,화물,남,57세,상해없음,보행자,여,75세,중상
269,2018021300100680,2018년 2월 13일 19시,화요일,경상북도 경산시 중방동,중상사고,0,1,0,0,차대사람 - 기타,보행자보호의무위반,포장 - 건조,맑음,단일로 - 기타,승용,남,64세,상해없음,보행자,여,17세,중상
270,2018021400100482,2018년 2월 14일 17시,수요일,경상북도 상주시 남성동,경상사고,0,0,1,0,차대사람 - 차도통행중,안전운전불이행,포장 - 건조,맑음,단일로 - 기타,승용,남,36세,상해없음,보행자,여,60세,경상
271,2018021400100525,2018년 2월 14일 18시,수요일,경상북도 포항시 남구 연일읍,경상사고,0,0,2,0,차대사람 - 횡단중,안전운전불이행,포장 - 건조,맑음,교차로 - 교차로횡단보도내,승용,여,22세,상해없음,보행자,남,13세,경상
272,2018021400100587,2018년 2월 14일 19시,수요일,경상북도 경산시 중산동,경상사고,0,0,1,0,차대사람 - 횡단중,보행자보호의무위반,포장 - 건조,맑음,교차로 - 교차로횡단보도내,승용,남,62세,상해없음,보행자,남,48세,경상
273,2018021500100060,2018년 2월 15일 02시,목요일,경상북도 포항시 남구 해도동,중상사고,0,1,0,0,차대사람 - 횡단중,안전운전불이행,포장 - 건조,맑음,교차로 - 교차로부근,승용,남,54세,상해없음,보행자,남,53세,중상
274,2018021500100089,2018년 2월 15일 04시,목요일,경상북도 포항시 북구 두호동,중상사고,0,1,0,0,차대사람 - 차도통행중,안전운전불이행,포장 - 건조,맑음,단일로 - 기타,승용,남,64세,기타불명,보행자,여,58세,중상
275,2018021500100090,2018년 2월 15일 04시,목요일,경상북도 영주시 휴천동,경상사고,0,0,1,0,차대사람 - 횡단중,중앙선침범,포장 - 건조,맑음,교차로 - 교차로부근,승용,남,75세,상해없음,보행자,남,23세,경상
276,2018021500100246,2018년 2월 15일 13시,목요일,경상북도 김천시 백옥동,경상사고,0,0,1,0,차대사람 - 횡단중,안전운전불이행,포장 - 건조,맑음,단일로 - 기타,화물,남,69세,상해없음,보행자,남,28세,경상
277,2018021500100263,2018년 2월 15일 14시,목요일,경상북도 경주시 보문동,중상사고,0,1,0,0,차대사람 - 길가장자리구역통행중,안전운전불이행,포장 - 건조,맑음,단일로 - 기타,승용,남,33세,상해없음,보행자,남,35세,중상
278,2018021600100269,2018년 2월 16일 19시,금요일,경상북도 포항시 남구 오천읍,중상사고,0,1,0,0,차대사람 - 기타,중앙선침범,포장 - 건조,맑음,교차로 - 교차로부근,기타불명,남,22세,상해없음,보행자,남,56세,중상
279,2018021700100022,2018년 2월 17일 01시,토요일,경상북도 포항시 북구 창포동,중상사고,0,1,0,0,차대사람 - 기타,안전운전불이행,포장 - 건조,맑음,교차로 - 교차로안,승용,남,35세,상해없음,보행자,여,30세,중상
280,2018021700100030,2018년 2월 17일 02시,토요일,경상북도 영덕군 영덕읍,중상사고,0,1,0,0,차대사람 - 기타,안전운전불이행,포장 - 건조,맑음,주차장 - 주차장,승용,남,26세,상해없음,보행자,남,26세,중상
281,2018021700100044,2018년 2월 17일 03시,토요일,경상북도 구미시 황상동,경상사고,0,0,1,0,차대사람 - 보도통행중,안전운전불이행,포장 - 건조,맑음,주차장 - 주차장,승합,남,25세,상해없음,보행자,여,39세,경상
282,2018021700100112,2018년 2월 17일 11시,토요일,경상북도 경주시 황남동,경상사고,0,0,1,0,차대사람 - 차도통행중,안전운전불이행,포장 - 건조,맑음,단일로 - 기타,자전거,남,27세,상해없음,보행자,여,38세,경상
283,2018021700100163,2018년 2월 17일 14시,토요일,경상북도 경주시 황오동,경상사고,0,0,1,0,차대사람 - 길가장자리구역통행중,안전운전불이행,포장 - 건조,맑음,단일로 - 기타,승용,남,35세,상해없음,보행자,남,20세,경상
284,2018021700100249,2018년 2월 17일 18시,토요일,경상북도 영덕군 축산면,경상사고,0,0,1,0,차대사람 - 길가장자리구역통행중,안전운전불이행,포장 - 건조,맑음,교차로 - 교차로안,승용,여,53세,상해없음,보행자,남,17세,경상
285,2018021700100278,2018년 2월 17일 19시,토요일,경상북도 김천시 평화동,경상사고,0,0,1,0,차대사람 - 길가장자리구역통행중,안전운전불이행,포장 - 건조,맑음,단일로 - 기타,승용,남,58세,상해없음,보행자,남,15세,경상
286,2018021700100279,2018년 2월 17일 19시,토요일,경상북도 경산시 남산면,사망사고,1,0,0,0,차대사람 - 횡단중,과속,포장 - 건조,맑음,교차로 - 교차로안,승용,남,31세,상해없음,보행자,여,88세,사망
287,2018021800100155,2018년 2월 18일 13시,일요일,경상북도 김천시 덕곡동,중상사고,0,1,0,0,차대사람 - 차도통행중,안전운전불이행,포장 - 건조,맑음,기타 - 기타,승용,남,50세,상해없음,보행자,여,50세,중상
288,2018021800100265,2018년 2월 18일 19시,일요일,경상북도 구미시 형곡동,부상신고사고,0,0,0,1,차대사람 - 기타,안전운전불이행,포장 - 건조,맑음,단일로 - 기타,이륜,남,34세,부상신고,보행자,남,49세,기타불명
289,2018021900100107,2018년 2월 19일 09시,월요일,경상북도 포항시 북구 흥해읍,중상사고,0,1,0,0,차대사람 - 기타,안전운전불이행,포장 - 건조,맑음,단일로 - 기타,승용,남,73세,상해없음,보행자,남,54세,중상
290,2018021900100151,2018년 2월 19일 11시,월요일,경상북도 김천시 성내동,중상사고,0,1,0,0,차대사람 - 횡단중,보행자보호의무위반,포장 - 건조,맑음,교차로 - 교차로횡단보도내,승용,여,62세,상해없음,보행자,남,82세,중상
291,2018021900100155,2018년 2월 19일 11시,월요일,경상북도 경산시 남산면,중상사고,0,1,0,0,차대사람 - 보도통행중,교차로운행방법위반,포장 - 건조,맑음,교차로 - 교차로안,승용,여,56세,상해없음,보행자,여,71세,중상
292,2018021900100181,2018년 2월 19일 12시,월요일,경상북도 영천시 금호읍,중상사고,0,1,0,0,차대사람 - 보도통행중,기타,포장 - 건조,맑음,단일로 - 기타,화물,남,46세,상해없음,보행자,여,75세,중상
293,2018021900100222,2018년 2월 19일 14시,월요일,경상북도 포항시 북구 죽도동,경상사고,0,0,1,0,차대사람 - 길가장자리구역통행중,안전운전불이행,포장 - 건조,맑음,단일로 - 기타,승용,여,42세,상해없음,보행자,여,61세,경상
294,2018021900100308,2018년 2월 19일 17시,월요일,경상북도 구미시 옥계동,중상사고,0,1,0,0,차대사람 - 횡단중,보행자보호의무위반,포장 - 건조,맑음,단일로 - 기타,승용,남,29세,상해없음,보행자,남,48세,중상
295,2018021900100396,2018년 2월 19일 19시,월요일,경상북도 김천시 봉산면,중상사고,0,1,0,0,차대사람 - 길가장자리구역통행중,안전운전불이행,포장 - 건조,맑음,단일로 - 기타,기타불명,기타불명,미분류,기타불명,보행자,남,70세,중상
296,2018021900100433,2018년 2월 19일 20시,월요일,경상북도 구미시 봉곡동,경상사고,0,0,1,0,차대사람 - 횡단중,안전운전불이행,포장 - 건조,맑음,주차장 - 주차장,승용,남,23세,상해없음,보행자,여,40세,경상
297,2018022000100012,2018년 2월 20일 00시,화요일,경상북도 경산시 삼풍동,중상사고,0,1,0,0,차대사람 - 기타,안전운전불이행,포장 - 건조,맑음,단일로 - 기타,승용,남,25세,상해없음,보행자,여,33세,중상
298,2018022000100240,2018년 2월 20일 12시,화요일,경상북도 상주시 남성동,중상사고,0,1,0,0,차대사람 - 횡단중,보행자보호의무위반,포장 - 건조,맑음,교차로 - 교차로안,화물,남,48세,상해없음,보행자,남,34세,중상
299,2018022000100241,2018년 2월 20일 12시,화요일,경상북도 영주시 영주동,중상사고,0,1,0,0,차대사람 - 횡단중,안전운전불이행,포장 - 건조,맑음,단일로 - 기타,화물,남,71세,상해없음,보행자,여,48세,중상
300,2018022000100288,2018년 2월 20일 14시,화요일,경상북도 포항시 북구 죽도동,중상사고,0,1,0,0,차대사람 - 횡단중,안전운전불이행,포장 - 건조,맑음,단일로 - 기타,승용,남,73세,상해없음,보행자,여,56세,중상
301,2018022000100366,2018년 2월 20일 17시,화요일,경상북도 경산시 옥곡동,중상사고,0,1,1,0,차대사람 - 길가장자리구역통행중,안전운전불이행,포장 - 건조,맑음,단일로 - 기타,자전거,남,59세,경상,보행자,여,61세,중상
302,2018022100100263,2018년 2월 21일 15시,수요일,경상북도 군위군 소보면,경상사고,0,0,1,0,차대사람 - 차도통행중,안전운전불이행,포장 - 건조,맑음,단일로 - 기타,화물,남,53세,상해없음,보행자,여,73세,경상
303,2018022100100339,2018년 2월 21일 18시,수요일,경상북도 구미시 원평동,경상사고,0,0,1,0,차대사람 - 횡단중,신호위반,포장 - 건조,맑음,교차로 - 교차로부근,승용,남,46세,상해없음,보행자,여,50세,경상
304,2018022100100433,2018년 2월 21일 21시,수요일,경상북도 경주시 안강읍,중상사고,0,1,0,0,차대사람 - 횡단중,안전운전불이행,포장 - 건조,맑음,교차로 - 교차로안,승합,여,38세,상해없음,보행자,남,66세,중상
305,2018022200100247,2018년 2월 22일 12시,목요일,경상북도 포항시 남구 효자동,경상사고,0,0,1,0,차대사람 - 길가장자리구역통행중,안전운전불이행,포장 - 건조,맑음,단일로 - 기타,기타불명,기타불명,미분류,기타불명,보행자,남,16세,경상
306,2018022200100350,2018년 2월 22일 16시,목요일,경상북도 칠곡군 왜관읍,사망사고,1,0,0,0,차대사람 - 횡단중,보행자보호의무위반,포장 - 건조,맑음,교차로 - 교차로횡단보도내,승용,여,58세,상해없음,보행자,여,90세 이상,사망
307,2018022200100413,2018년 2월 22일 18시,목요일,경상북도 포항시 남구 동해면,중상사고,0,1,0,0,차대사람 - 기타,안전운전불이행,포장 - 건조,맑음,교차로 - 교차로안,승용,남,48세,상해없음,보행자,여,64세,중상
308,2018022200100451,2018년 2월 22일 19시,목요일,경상북도 경주시 황남동,중상사고,0,1,0,0,차대사람 - 횡단중,보행자보호의무위반,포장 - 건조,맑음,단일로 - 기타,화물,남,55세,상해없음,보행자,여,71세,중상
309,2018022200100454,2018년 2월 22일 19시,목요일,경상북도 칠곡군 동명면,중상사고,0,2,0,0,차대사람 - 차도통행중,교차로운행방법위반,포장 - 건조,맑음,교차로 - 교차로안,승용,남,37세,상해없음,보행자,남,48세,중상
310,2018022200100558,2018년 2월 22일 22시,목요일,경상북도 안동시 수상동,중상사고,0,1,0,0,차대사람 - 횡단중,안전운전불이행,포장 - 건조,맑음,단일로 - 기타,승용,여,54세,상해없음,보행자,남,56세,중상
311,2018022300100071,2018년 2월 23일 05시,금요일,경상북도 경산시 대동,경상사고,0,0,1,0,차대사람 - 차도통행중,안전운전불이행,포장 - 건조,맑음,단일로 - 기타,승용,남,23세,상해없음,보행자,남,20세,경상
312,2018022300100116,2018년 2월 23일 07시,금요일,경상북도 포항시 남구 해도동,중상사고,0,1,0,0,차대사람 - 횡단중,신호위반,포장 - 건조,맑음,교차로 - 교차로횡단보도내,이륜,남,34세,상해없음,보행자,여,70세,중상
313,2018022300100262,2018년 2월 23일 11시,금요일,경상북도 청송군 진보면,중상사고,0,1,0,0,차대사람 - 보도통행중,안전운전불이행,포장 - 건조,맑음,단일로 - 지하차도(도로)내,화물,남,68세,상해없음,보행자,여,83세,중상
314,2018022300100287,2018년 2월 23일 12시,금요일,경상북도 김천시 교동,중상사고,0,1,0,0,차대사람 - 횡단중,신호위반,포장 - 건조,맑음,단일로 - 기타,승용,남,80세,상해없음,보행자,남,79세,중상
315,2018022300100309,2018년 2월 23일 13시,금요일,경상북도 경주시 성건동,중상사고,0,1,0,0,차대사람 - 길가장자리구역통행중,안전운전불이행,포장 - 건조,맑음,교차로 - 교차로안,승용,여,66세,상해없음,보행자,여,61세,중상
316,2018022300100409,2018년 2월 23일 17시,금요일,경상북도 포항시 남구 대잠동,경상사고,0,0,1,0,차대사람 - 횡단중,안전운전불이행,포장 - 건조,맑음,교차로 - 교차로부근,승용,여,33세,상해없음,보행자,남,9세,경상
317,2018022300100561,2018년 2월 23일 21시,금요일,경상북도 김천시 부곡동,중상사고,0,1,0,0,차대사람 - 횡단중,차로위반,포장 - 건조,맑음,교차로 - 교차로횡단보도내,승용,여,48세,상해없음,보행자,남,42세,중상
318,2018022400100202,2018년 2월 24일 11시,토요일,경상북도 안동시 안흥동,중상사고,0,1,0,0,차대사람 - 차도통행중,안전운전불이행,포장 - 건조,맑음,단일로 - 기타,승용,남,60세,상해없음,보행자,남,66세,중상
319,2018022400100257,2018년 2월 24일 13시,토요일,경상북도 경주시 성동동,경상사고,0,0,1,0,차대사람 - 보도통행중,안전운전불이행,포장 - 건조,맑음,주차장 - 주차장,승용,여,55세,상해없음,보행자,여,67세,경상
320,2018022400100260,2018년 2월 24일 13시,토요일,경상북도 영덕군 강구면,경상사고,0,0,1,0,차대사람 - 보도통행중,안전운전불이행,포장 - 건조,맑음,단일로 - 기타,승용,남,67세,상해없음,보행자,여,75세,경상
321,2018022400100306,2018년 2월 24일 15시,토요일,경상북도 경주시 감포읍,중상사고,0,1,0,0,차대사람 - 길가장자리구역통행중,안전운전불이행,포장 - 건조,맑음,단일로 - 기타,화물,남,28세,상해없음,보행자,남,64세,중상
322,2018022400100309,2018년 2월 24일 15시,토요일,경상북도 구미시 원평동,경상사고,0,0,1,0,차대사람 - 기타,기타,포장 - 건조,맑음,기타 - 기타,자전거,남,58세,상해없음,보행자,여,53세,경상
323,2018022400100366,2018년 2월 24일 17시,토요일,경상북도 상주시 헌신동,중상사고,0,1,0,0,차대사람 - 길가장자리구역통행중,안전운전불이행,포장 - 건조,맑음,교차로 - 교차로부근,승합,남,60세,상해없음,보행자,여,87세,중상
324,2018022400100419,2018년 2월 24일 19시,토요일,경상북도 경산시 중산동,경상사고,0,0,1,0,차대사람 - 길가장자리구역통행중,안전운전불이행,포장 - 건조,맑음,단일로 - 기타,승용,남,57세,상해없음,보행자,여,55세,경상
325,2018022400100420,2018년 2월 24일 19시,토요일,경상북도 포항시 남구 대잠동,중상사고,0,1,0,0,차대사람 - 횡단중,보행자보호의무위반,포장 - 건조,맑음,교차로 - 교차로횡단보도내,승용,여,43세,상해없음,보행자,여,22세,중상
326,2018022400100493,2018년 2월 24일 22시,토요일,경상북도 김천시 부곡동,중상사고,0,1,0,0,차대사람 - 횡단중,안전운전불이행,포장 - 건조,맑음,단일로 - 기타,승용,남,64세,상해없음,보행자,남,48세,중상
327,2018022400100515,2018년 2월 24일 23시,토요일,경상북도 경주시 동천동,경상사고,0,0,1,0,차대사람 - 차도통행중,안전운전불이행,포장 - 건조,맑음,단일로 - 기타,승용,남,75세,상해없음,보행자,남,42세,경상
328,2018022400100516,2018년 2월 24일 23시,토요일,경상북도 포항시 북구 두호동,경상사고,0,0,1,0,차대사람 - 길가장자리구역통행중,안전운전불이행,포장 - 건조,맑음,단일로 - 기타,승용,여,51세,상해없음,보행자,남,34세,경상
329,2018022500100050,2018년 2월 25일 03시,일요일,경상북도 구미시 진평동,중상사고,0,1,0,0,차대사람 - 기타,보행자보호의무위반,포장 - 건조,맑음,교차로 - 교차로안,승용,남,19세,상해없음,보행자,남,52세,중상
330,2018022500100123,2018년 2월 25일 10시,일요일,경상북도 영주시 영주동,중상사고,0,1,0,0,차대사람 - 횡단중,보행자보호의무위반,포장 - 건조,맑음,단일로 - 기타,승용,남,70세,상해없음,보행자,남,75세,중상
331,2018022500100124,2018년 2월 25일 10시,일요일,경상북도 포항시 남구 구룡포읍,경상사고,0,0,1,0,차대사람 - 기타,안전운전불이행,포장 - 건조,맑음,단일로 - 기타,화물,남,71세,상해없음,보행자,남,5세,경상