,사고번호,사고일시,요일,시군구,사고내용,사망자수,중상자수,경상자수,부상신고자수,사고유형,법규위반,노면상태,기상상태,도로형태,가해운전자 차종,가해운전자 성별,가해운전자 연령,가해운전자 상해정도,피해운전자 차종,피해운전자 성별,피해운전자 연령,피해운전자 상해정도
332,2018022500100183,2018년 2월 25일 13시,일요일,경상북도 김천시 아포읍,중상사고,0,1,0,0,차대사람 - 차도통행중,안전운전불이행,포장 - 건조,맑음,기타 - 기타,화물,남,75세,상해없음,보행자,여,54세,중상
333,2018022500100274,2018년 2월 25일 17시,일요일,경상북도 경산시 대동,경상사고,0,0,1,0,차대사람 - 차도통행중,안전운전불이행,포장 - 건조,맑음,단일로 - 기타,승용,여,44세,상해없음,보행자,여,59세,경상
334,2018022500100317,2018년 2월 25일 19시,일요일,경상북도 예천군 유천면,중상사고,0,1,0,0,차대사람 - 횡단중,과속,포장 - 건조,맑음,교차로 - 교차로부근,승용,남,56세,상해없음,보행자,남,22세,중상
335,2018022500100360,2018년 2월 25일 21시,일요일,경상북도 포항시 북구 죽도동,경상사고,0,0,1,0,차대사람 - 횡단중,안전운전불이행,포장 - 건조,맑음,교차로 - 교차로안,이륜,남,47세,상해없음,보행자,남,55세,경상
336,2018022600100019,2018년 2월 26일 03시,월요일,경상북도 영주시 가흥동,경상사고,0,0,1,0,차대사람 - 횡단중,안전운전불이행,포장 - 건조,맑음,교차로 - 교차로안,승용,남,56세,상해없음,보행자,여,76세,경상
337,2018022600100169,2018년 2월 26일 10시,월요일,경상북도 경주시 서부동,중상사고,0,1,0,0,차대사람 - 길가장자리구역통행중,안전운전불이행,포장 - 건조,맑음,단일로 - 기타,승용,남,56세,상해없음,보행자,남,77세,중상
338,2018022600100311,2018년 2월 26일 14시,월요일,경상북도 영천시 북안면,경상사고,0,0,1,0,차대사람 - 길가장자리구역통행중,안전운전불이행,포장 - 건조,맑음,주차장 - 주차장,승용,남,58세,상해없음,보행자,여,72세,경상
339,2018022600100420,2018년 2월 26일 17시,월요일,경상북도 영주시 영주동,중상사고,0,1,0,0,차대사람 - 횡단중,보행자보호의무위반,포장 - 건조,맑음,단일로 - 기타,승용,남,76세,상해없음,보행자,여,75세,중상
340,2018022600100421,2018년 2월 26일 17시,월요일,경상북도 예천군 효자면,중상사고,0,1,0,0,차대사람 - 길가장자리구역통행중,안전운전불이행,포장 - 건조,맑음,교차로 - 교차로부근,승용,남,71세,상해없음,보행자,여,84세,중상
341,2018022600100458,2018년 2월 26일 18시,월요일,경상북도 안동시 송천동,중상사고,0,1,0,0,차대사람 - 횡단중,안전운전불이행,포장 - 건조,맑음,교차로 - 교차로안,승용,남,35세,상해없음,보행자,여,59세,중상
342,2018022600100461,2018년 2월 26일 18시,월요일,경상북도 포항시 남구 구룡포읍,경상사고,0,0,2,0,차대사람 - 기타,안전운전불이행,포장 - 건조,맑음,단일로 - 기타,자전거,남,76세,경상,보행자,여,48세,경상
343,2018022700100094,2018년 2월 27일 08시,화요일,경상북도 상주시 복룡동,사망사고,1,0,0,0,차대사람 - 횡단중,안전운전불이행,포장 - 건조,맑음,단일로 - 기타,화물,여,48세,상해없음,보행자,남,65세,사망
344,2018022700100149,2018년 2월 27일 10시,화요일,경상북도 상주시 서문동,중상사고,0,1,0,0,차대사람 - 차도통행중,안전운전불이행,포장 - 건조,맑음,단일로 - 기타,승용,남,47세,상해없음,보행자,여,60세,중상
345,2018022700100150,2018년 2월 27일 10시,화요일,경상북도 봉화군 봉화읍,중상사고,0,1,0,0,차대사람 - 기타,안전운전불이행,포장 - 건조,맑음,교차로 - 교차로안,승용,여,64세,상해없음,보행자,남,87세,중상
346,2018022700100192,2018년 2월 27일 12시,화요일,경상북도 구미시 도량동,경상사고,0,0,1,0,차대사람 - 기타,안전운전불이행,포장 - 기타,맑음,주차장 - 주차장,승용,남,64세,상해없음,보행자,여,63세,경상
347,2018022700100373,2018년 2월 27일 18시,화요일,경상북도 경주시 천군동,중상사고,0,1,0,0,차대사람 - 횡단중,안전운전불이행,포장 - 건조,맑음,단일로 - 기타,승용,남,54세,상해없음,보행자,여,18세,중상
348,2018022700100375,2018년 2월 27일 18시,화요일,경상북도 구미시 사곡동,경상사고,0,0,1,0,차대사람 - 기타,중앙선침범,포장 - 건조,흐림,단일로 - 기타,승용,여,41세,상해없음,보행자,여,24세,경상
349,2018022700100419,2018년 2월 27일 19시,화요일,경상북도 김천시 대광동,부상신고사고,0,0,0,1,차대사람 - 길가장자리구역통행중,안전운전불이행,포장 - 건조,맑음,단일로 - 기타,기타불명,기타불명,미분류,기타불명,보행자,남,48세,부상신고
350,2018022700100420,2018년 2월 27일 19시,화요일,경상북도 영양군 영양읍,경상사고,0,0,1,0,차대사람 - 길가장자리구역통행중,안전운전불이행,포장 - 건조,맑음,교차로 - 교차로부근,화물,남,62세,상해없음,보행자,남,56세,경상
351,2018022700100423,2018년 2월 27일 19시,화요일,경상북도 구미시 고아읍,중상사고,0,1,0,0,차대사람 - 횡단중,안전운전불이행,포장 - 건조,맑음,교차로 - 교차로부근,승용,남,54세,상해없음,보행자,여,58세,중상
352,2018022700100461,2018년 2월 27일 20시,화요일,경상북도 경주시 황성동,경상사고,0,0,1,0,차대사람 - 횡단중,안전운전불이행,포장 - 건조,맑음,단일로 - 기타,승용,남,35세,상해없음,보행자,남,52세,경상
353,2018022800100166,2018년 2월 28일 11시,수요일,경상북도 영덕군 영해면,경상사고,0,0,1,0,차대사람 - 기타,안전운전불이행,포장 - 건조,맑음,단일로 - 기타,승용,남,43세,상해없음,보행자,남,32세,경상
354,2018022800100195,2018년 2월 28일 12시,수요일,경상북도 경주시 황성동,중상사고,0,1,0,0,차대사람 - 차도통행중,안전운전불이행,포장 - 건조,흐림,단일로 - 기타,화물,여,37세,상해없음,보행자,여,69세,중상
355,2018022800100458,2018년 2월 28일 18시,수요일,경상북도 포항시 남구 대잠동,중상사고,0,1,0,0,차대사람 - 횡단중,신호위반,포장 - 젖음/습기,비,교차로 - 교차로횡단보도내,승용,남,52세,상해없음,보행자,여,54세,중상
356,2018022800100528,2018년 2월 28일 19시,수요일,경상북도 울진군 울진읍,중상사고,0,1,0,0,차대사람 - 횡단중,안전운전불이행,포장 - 젖음/습기,비,단일로 - 기타,승합,남,48세,상해없음,보행자,여,77세,중상
357,2018022800100647,2018년 2월 28일 21시,수요일,경상북도 포항시 북구 용흥동,중상사고,0,1,0,0,차대사람 - 보도통행중,보행자보호의무위반,포장 - 젖음/습기,비,교차로 - 교차로횡단보도내,승용,남,61세,상해없음,보행자,여,58세,중상
358,2018030100100144,2018년 3월 1일 08시,목요일,경상북도 포항시 북구 죽도동,중상사고,0,1,0,0,차대사람 - 횡단중,보행자보호의무위반,포장 - 건조,맑음,교차로 - 교차로횡단보도내,화물,남,49세,상해없음,보행자,여,61세,중상
359,2018030100100167,2018년 3월 1일 10시,목요일,경상북도 포항시 북구 대흥동,경상사고,0,0,1,0,차대사람 - 횡단중,보행자보호의무위반,포장 - 건조,맑음,교차로 - 교차로횡단보도내,승용,남,70세,상해없음,보행자,여,24세,경상
360,2018030100100189,2018년 3월 1일 11시,목요일,경상북도 김천시 부곡동,중상사고,0,1,0,0,차대사람 - 횡단중,보행자보호의무위반,포장 - 건조,맑음,단일로 - 기타,승용,남,63세,상해없음,보행자,여,72세,중상
361,2018030100100220,2018년 3월 1일 12시,목요일,경상북도 구미시 오태동,경상사고,0,0,1,0,차대사람 - 횡단중,기타,포장 - 건조,맑음,단일로 - 기타,화물,남,22세,상해없음,보행자,남,3세,경상
362,2018030100100489,2018년 3월 1일 23시,목요일,경상북도 울진군 후포면,중상사고,0,1,0,0,차대사람 - 횡단중,안전운전불이행,포장 - 건조,맑음,단일로 - 지하차도(도로)내,승용,남,70세,상해없음,보행자,남,39세,중상
363,2018030200100049,2018년 3월 2일 06시,금요일,경상북도 경주시 황성동,경상사고,0,0,1,0,차대사람 - 길가장자리구역통행중,안전운전불이행,포장 - 건조,맑음,교차로 - 교차로안,승용,남,77세,상해없음,보행자,여,72세,경상
364,2018030200100063,2018년 3월 2일 07시,금요일,경상북도 포항시 북구 흥해읍,중상사고,0,1,0,0,차대사람 - 횡단중,안전운전불이행,포장 - 건조,맑음,단일로 - 기타,승용,여,44세,상해없음,보행자,남,38세,중상
365,2018030200100129,2018년 3월 2일 09시,금요일,경상북도 포항시 북구 용흥동,경상사고,0,0,1,0,차대사람 - 횡단중,안전운전불이행,포장 - 건조,맑음,단일로 - 기타,승합,남,32세,상해없음,보행자,여,75세,경상
366,2018030200100130,2018년 3월 2일 09시,금요일,경상북도 울진군 울진읍,중상사고,0,1,0,0,차대사람 - 기타,안전운전불이행,포장 - 건조,맑음,단일로 - 기타,화물,여,60세,상해없음,보행자,여,54세,중상
367,2018030200100370,2018년 3월 2일 16시,금요일,경상북도 경주시 황성동,경상사고,0,0,1,0,차대사람 - 횡단중,안전운전불이행,포장 - 건조,맑음,단일로 - 기타,승용,여,44세,상해없음,보행자,남,7세,경상
368,2018030200100374,2018년 3월 2일 16시,금요일,경상북도 청도군 청도읍,경상사고,0,0,1,0,차대사람 - 길가장자리구역통행중,안전운전불이행,포장 - 건조,맑음,단일로 - 기타,승용,남,81세,상해없음,보행자,남,68세,경상
369,2018030200100462,2018년 3월 2일 18시,금요일,경상북도 경산시 사동,경상사고,0,0,1,0,차대사람 - 길가장자리구역통행중,안전운전불이행,포장 - 건조,맑음,교차로 - 교차로부근,화물,남,51세,상해없음,보행자,남,55세,경상
370,2018030200100463,2018년 3월 2일 18시,금요일,경상북도 경산시 임당동,중상사고,0,1,0,0,차대사람 - 횡단중,안전운전불이행,포장 - 건조,맑음,단일로 - 기타,승용,남,61세,상해없음,보행자,여,72세,중상
371,2018030200100533,2018년 3월 2일 20시,금요일,경상북도 안동시 옥동,경상사고,0,0,1,0,차대사람 - 차도통행중,안전운전불이행,포장 - 건조,맑음,단일로 - 기타,승용,여,36세,상해없음,보행자,남,23세,경상
372,2018030300100099,2018년 3월 3일 08시,토요일,경상북도 안동시 명륜동,경상사고,0,0,1,0,차대사람 - 횡단중,보행자보호의무위반,포장 - 건조,맑음,단일로 - 기타,승용,여,48세,상해없음,보행자,여,71세,경상
373,2018030300100189,2018년 3월 3일 12시,토요일,경상북도 포항시 북구 죽도동,중상사고,0,1,0,0,차대사람 - 길가장자리구역통행중,안전운전불이행,포장 - 건조,맑음,단일로 - 기타,자전거,남,55세,상해없음,보행자,여,71세,중상
374,2018030300100191,2018년 3월 3일 12시,토요일,경상북도 영천시 완산동,중상사고,0,1,0,0,차대사람 - 횡단중,신호위반,포장 - 건조,맑음,교차로 - 교차로횡단보도내,승용,남,23세,상해없음,보행자,여,75세,중상
375,2018030300100330,2018년 3월 3일 17시,토요일,경상북도 칠곡군 왜관읍,경상사고,0,0,2,0,차대사람 - 횡단중,안전운전불이행,포장 - 건조,맑음,교차로 - 교차로횡단보도내,승용,남,51세,상해없음,보행자,남,17세,경상
376,2018030300100332,2018년 3월 3일 17시,토요일,경상북도 경산시 하양읍,중상사고,0,1,0,0,차대사람 - 횡단중,안전운전불이행,포장 - 건조,맑음,단일로 - 기타,승용,남,51세,상해없음,보행자,여,10세,중상
377,2018030400100105,2018년 3월 4일 08시,일요일,경상북도 구미시 도량동,중상사고,0,1,0,0,차대사람 - 기타,기타,포장 - 건조,맑음,단일로 - 기타,승합,남,48세,상해없음,보행자,여,67세,중상
378,2018030400100117,2018년 3월 4일 09시,일요일,경상북도 칠곡군 가산면,중상사고,0,1,0,0,차대사람 - 횡단중,신호위반,포장 - 건조,맑음,단일로 - 기타,승용,남,51세,상해없음,보행자,여,78세,중상
379,2018030400100167,2018년 3월 4일 12시,일요일,경상북도 안동시 태화동,중상사고,0,1,0,0,차대사람 - 차도통행중,안전운전불이행,포장 - 건조,맑음,단일로 - 기타,기타불명,기타불명,미분류,기타불명,보행자,여,79세,중상
380,2018030400100204,2018년 3월 4일 14시,일요일,경상북도 포항시 남구 오천읍,중상사고,0,1,0,0,차대사람 - 기타,안전운전불이행,포장 - 건조,맑음,단일로 - 기타,화물,남,57세,상해없음,보행자,여,78세,중상
381,2018030400100249,2018년 3월 4일 16시,일요일,경상북도 안동시 용상동,중상사고,0,1,0,0,차대사람 - 횡단중,안전운전불이행,포장 - 건조,맑음,단일로 - 기타,화물,남,44세,상해없음,보행자,남,5세,중상
382,2018030400100267,2018년 3월 4일 17시,일요일,경상북도 포항시 북구 죽도동,경상사고,0,0,1,0,차대사람 - 기타,안전운전불이행,포장 - 건조,맑음,단일로 - 기타,승용,여,33세,상해없음,보행자,남,59세,경상
383,2018030400100381,2018년 3월 4일 21시,일요일,경상북도 김천시 성내동,경상사고,0,0,1,0,차대사람 - 횡단중,보행자보호의무위반,포장 - 젖음/습기,비,교차로 - 교차로횡단보도내,승용,남,29세,상해없음,보행자,여,59세,경상
384,2018030400100421,2018년 3월 4일 22시,일요일,경상북도 포항시 북구 죽도동,경상사고,0,0,1,0,차대사람 - 횡단중,안전운전불이행,포장 - 젖음/습기,비,단일로 - 기타,승용,남,58세,상해없음,보행자,남,22세,경상
385,2018030400100422,2018년 3월 4일 22시,일요일,경상북도 안동시 운흥동,경상사고,0,0,1,0,차대사람 - 횡단중,안전운전불이행,포장 - 젖음/습기,비,단일로 - 기타,승용,남,26세,상해없음,보행자,남,61세,경상
386,2018030500100100,2018년 3월 5일 07시,월요일,경상북도 김천시 부곡동,중상사고,0,1,0,0,차대사람 - 보도통행중,보행자보호의무위반,포장 - 건조,맑음,교차로 - 교차로횡단보도내,승용,남,70세,상해없음,보행자,남,59세,중상
387,2018030500100204,2018년 3월 5일 11시,월요일,경상북도 포항시 북구 죽도동,경상사고,0,0,1,0,차대사람 - 횡단중,안전운전불이행,포장 - 건조,맑음,단일로 - 기타,승용,여,30세,상해없음,보행자,여,55세,경상
388,2018030500100208,2018년 3월 5일 11시,월요일,경상북도 고령군 대가야읍,중상사고,0,1,0,0,차대사람 - 차도통행중,안전운전불이행,포장 - 젖음/습기,비,기타 - 기타,화물,남,59세,상해없음,보행자,여,76세,중상
389,2018030600100216,2018년 3월 6일 12시,화요일,경상북도 안동시 송천동,경상사고,0,0,1,0,차대사람 - 길가장자리구역통행중,안전운전불이행,포장 - 건조,맑음,단일로 - 기타,승용,남,26세,상해없음,보행자,남,53세,경상
390,2018030600100501,2018년 3월 6일 22시,화요일,경상북도 구미시 시미동,사망사고,1,0,0,0,차대사람 - 횡단중,안전운전불이행,포장 - 건조,맑음,단일로 - 기타,승용,남,38세,상해없음,보행자,여,41세,사망
391,2018030700100108,2018년 3월 7일 08시,수요일,경상북도 경주시 성건동,중상사고,0,1,0,0,차대사람 - 횡단중,보행자보호의무위반,포장 - 건조,맑음,교차로 - 교차로횡단보도내,화물,남,47세,상해없음,보행자,여,58세,중상
392,2018030700100130,2018년 3월 7일 09시,수요일,경상북도 경산시 하양읍,경상사고,0,0,1,0,차대사람 - 차도통행중,안전운전불이행,포장 - 건조,맑음,단일로 - 기타,승용,남,49세,상해없음,보행자,여,19세,경상
393,2018030700100240,2018년 3월 7일 14시,수요일,경상북도 경산시 백천동,중상사고,0,1,0,0,차대사람 - 기타,안전운전불이행,포장 - 젖음/습기,맑음,교차로 - 교차로안,건설기계,남,55세,상해없음,보행자,여,65세,중상
394,2018030700100270,2018년 3월 7일 15시,수요일,경상북도 경산시 중방동,중상사고,0,1,1,0,차대사람 - 횡단중,안전운전불이행,포장 - 건조,맑음,단일로 - 기타,이륜,남,28세,중상,보행자,남,47세,경상
395,2018030700100294,2018년 3월 7일 16시,수요일,경상북도 경산시 계양동,경상사고,0,0,1,0,차대사람 - 기타,안전운전불이행,포장 - 건조,맑음,단일로 - 기타,승용,남,64세,상해없음,보행자,남,5세,경상
396,2018030700100429,2018년 3월 7일 20시,수요일,경상북도 경산시 사동,중상사고,0,1,0,0,차대사람 - 기타,안전운전불이행,포장 - 젖음/습기,비,교차로 - 교차로부근,승용,남,40세,상해없음,보행자,여,65세,중상
397,2018030700100470,2018년 3월 7일 21시,수요일,경상북도 영주시 휴천동,부상신고사고,0,0,0,1,차대사람 - 길가장자리구역통행중,안전운전불이행,포장 - 건조,맑음,단일로 - 기타,화물,남,41세,상해없음,보행자,남,55세,부상신고
398,2018030700100524,2018년 3월 7일 22시,수요일,경상북도 구미시 임은동,경상사고,0,0,1,0,차대사람 - 보도통행중,기타,포장 - 젖음/습기,비,단일로 - 기타,이륜,남,20세,상해없음,보행자,여,45세,경상
399,2018030700100525,2018년 3월 7일 22시,수요일,경상북도 포항시 남구 오천읍,중상사고,0,1,1,0,차대사람 - 기타,안전운전불이행,포장 - 젖음/습기,비,단일로 - 기타,이륜,남,19세,경상,보행자,남,37세,중상
400,2018030700100553,2018년 3월 7일 23시,수요일,경상북도 영양군 영양읍,경상사고,0,0,1,0,차대사람 - 길가장자리구역통행중,안전운전불이행,포장 - 젖음/습기,비,교차로 - 교차로부근,승용,여,54세,상해없음,보행자,여,50세,경상
401,2018030800100082,2018년 3월 8일 05시,목요일,경상북도 구미시 형곡동,경상사고,0,0,1,0,차대사람 - 횡단중,신호위반,포장 - 서리/결빙,눈,교차로 - 교차로횡단보도내,화물,남,68세,상해없음,보행자,남,32세,경상
402,2018030800100259,2018년 3월 8일 12시,목요일,경상북도 칠곡군 지천면,중상사고,0,1,0,0,차대사람 - 기타,안전운전불이행,포장 - 건조,맑음,주차장 - 주차장,건설기계,남,67세,상해없음,보행자,남,52세,중상
403,2018030800100286,2018년 3월 8일 13시,목요일,경상북도 경주시 황성동,경상사고,0,0,1,0,차대사람 - 횡단중,안전운전불이행,포장 - 젖음/습기,흐림,교차로 - 교차로횡단보도내,승용,남,43세,상해없음,보행자,남,70세,경상
404,2018030800100400,2018년 3월 8일 18시,목요일,경상북도 구미시 원평동,경상사고,0,0,1,0,차대사람 - 차도통행중,안전운전불이행,포장 - 젖음/습기,비,단일로 - 기타,승용,남,51세,상해없음,보행자,남,22세,경상
405,2018030800100425,2018년 3월 8일 19시,목요일,경상북도 구미시 비산동,중상사고,0,1,0,0,차대사람 - 횡단중,안전운전불이행,포장 - 젖음/습기,흐림,교차로 - 교차로안,승용,여,33세,상해없음,보행자,남,58세,중상
406,2018030800100426,2018년 3월 8일 19시,목요일,경상북도 구미시 형곡동,중상사고,0,1,0,0,차대사람 - 횡단중,보행자보호의무위반,포장 - 건조,맑음,단일로 - 기타,승용,여,51세,상해없음,보행자,여,38세,중상
407,2018030800100485,2018년 3월 8일 21시,목요일,경상북도 경주시 서부동,경상사고,0,0,1,0,차대사람 - 횡단중,보행자보호의무위반,포장 - 젖음/습기,흐림,단일로 - 지하차도(도로)내,승용,남,75세,상해없음,보행자,남,53세,경상
408,2018030800100510,2018년 3월 8일 22시,목요일,경상북도 경주시 성동동,경상사고,0,0,1,0,차대사람 - 차도통행중,안전운전불이행,포장 - 젖음/습기,비,단일로 - 기타,승용,여,45세,상해없음,보행자,남,60세,경상
409,2018030900100261,2018년 3월 9일 15시,금요일,경상북도 김천시 감천면,경상사고,0,0,1,0,차대사람 - 횡단중,안전운전불이행,포장 - 건조,맑음,단일로 - 기타,화물,남,69세,상해없음,보행자,남,60세,경상
410,2018030900100290,2018년 3월 9일 16시,금요일,경상북도 경주시 황남동,경상사고,0,0,2,0,차대사람 - 길가장자리구역통행중,안전운전불이행,포장 - 건조,맑음,단일로 - 기타,승용,남,24세,상해없음,보행자,남,32세,경상
411,2018030900100347,2018년 3월 9일 18시,금요일,경상북도 안동시 용상동,경상사고,0,0,1,0,차대사람 - 횡단중,보행자보호의무위반,포장 - 건조,맑음,교차로 - 교차로횡단보도내,승용,남,63세,상해없음,보행자,여,74세,경상
412,2018030900100348,2018년 3월 9일 18시,금요일,경상북도 문경시 점촌동,경상사고,0,0,1,0,차대사람 - 길가장자리구역통행중,안전운전불이행,포장 - 건조,맑음,단일로 - 기타,승용,여,50세,상해없음,보행자,남,42세,경상
413,2018030900100349,2018년 3월 9일 18시,금요일,경상북도 문경시 흥덕동,중상사고,0,1,0,0,차대사람 - 길가장자리구역통행중,안전운전불이행,포장 - 건조,맑음,단일로 - 기타,승용,남,49세,상해없음,보행자,남,55세,중상
414,2018030900100525,2018년 3월 9일 23시,금요일,경상북도 구미시 봉곡동,중상사고,0,1,0,0,차대사람 - 기타,안전운전불이행,포장 - 건조,맑음,단일로 - 기타,승용,여,45세,상해없음,보행자,남,40세,중상
415,2018030900100526,2018년 3월 9일 23시,금요일,경상북도 구미시 광평동,중상사고,0,1,1,0,차대사람 - 기타,안전운전불이행,포장 - 건조,맑음,교차로 - 교차로안,승합,남,54세,상해없음,보행자,남,45세,중상
416,2018031000100036,2018년 3월 10일 01시,토요일,경상북도 구미시 황상동,중상사고,0,1,0,0,차대사람 - 기타,안전운전불이행,포장 - 건조,맑음,기타 - 기타,승용,남,30세,상해없음,보행자,남,51세,중상
417,2018031000100103,2018년 3월 10일 06시,토요일,경상북도 영천시 화룡동,중상사고,0,1,0,0,차대사람 - 보도통행중,신호위반,포장 - 건조,맑음,교차로 - 교차로횡단보도내,승용,남,54세,상해없음,보행자,남,59세,중상
418,2018031000100292,2018년 3월 10일 14시,토요일,경상북도 포항시 남구 오천읍,중상사고,0,1,0,0,차대사람 - 차도통행중,안전운전불이행,포장 - 건조,맑음,교차로 - 교차로부근,승용,여,72세,상해없음,보행자,여,37세,중상
419,2018031000100320,2018년 3월 10일 15시,토요일,경상북도 예천군 풍양면,경상사고,0,0,1,0,차대사람 - 차도통행중,안전운전불이행,포장 - 건조,맑음,교차로 - 교차로안,승합,남,45세,상해없음,보행자,남,82세,경상
420,2018031000100562,2018년 3월 10일 23시,토요일,경상북도 영덕군 영덕읍,경상사고,0,0,1,0,차대사람 - 길가장자리구역통행중,안전운전불이행,포장 - 건조,맑음,단일로 - 기타,기타불명,기타불명,미분류,기타불명,보행자,여,33세,경상
421,2018031100100025,2018년 3월 11일 01시,일요일,경상북도 경주시 성건동,중상사고,0,1,0,0,차대사람 - 차도통행중,안전운전불이행,포장 - 건조,맑음,단일로 - 기타,승용,남,46세,상해없음,보행자,여,32세,중상
422,2018031100100140,2018년 3월 11일 11시,일요일,경상북도 김천시 대광동,경상사고,0,0,1,0,차대사람 - 차도통행중,안전운전불이행,포장 - 건조,맑음,단일로 - 기타,승용,남,49세,상해없음,보행자,여,83세,경상
423,2018031100100167,2018년 3월 11일 12시,일요일,경상북도 상주시 서성동,중상사고,0,1,0,0,차대사람 - 길가장자리구역통행중,안전운전불이행,포장 - 건조,맑음,단일로 - 기타,승용,남,54세,상해없음,보행자,여,85세,중상
424,2018031100100168,2018년 3월 11일 12시,일요일,경상북도 청도군 청도읍,중상사고,0,1,0,0,차대사람 - 기타,안전운전불이행,포장 - 건조,맑음,교차로 - 교차로안,화물,남,66세,상해없음,보행자,남,51세,중상
425,2018031100100352,2018년 3월 11일 19시,일요일,경상북도 고령군 덕곡면,중상사고,0,1,0,0,차대사람 - 길가장자리구역통행중,안전운전불이행,포장 - 건조,맑음,단일로 - 기타,특수,남,48세,상해없음,보행자,여,69세,중상
426,2018031200100094,2018년 3월 12일 08시,월요일,경상북도 김천시 평화동,중상사고,0,1,0,0,차대사람 - 차도통행중,안전운전불이행,포장 - 건조,맑음,단일로 - 기타,승용,여,58세,상해없음,보행자,남,62세,중상
427,2018031200100096,2018년 3월 12일 08시,월요일,경상북도 경산시 삼남동,경상사고,0,0,1,0,차대사람 - 기타,안전운전불이행,포장 - 젖음/습기,맑음,주차장 - 주차장,승용,여,41세,상해없음,보행자,남,35세,경상
428,2018031200100137,2018년 3월 12일 09시,월요일,경상북도 문경시 마성면,경상사고,0,0,1,0,차대사람 - 차도통행중,안전운전불이행,포장 - 건조,맑음,단일로 - 기타,사륜오토바이(ATV),남,86세,상해없음,보행자,여,61세,경상
429,2018031200100165,2018년 3월 12일 10시,월요일,경상북도 성주군 성주읍,중상사고,0,1,0,0,차대사람 - 기타,안전운전불이행,포장 - 건조,맑음,교차로 - 교차로부근,화물,남,78세,상해없음,보행자,남,89세,중상
430,2018031200100253,2018년 3월 12일 13시,월요일,경상북도 영천시 야사동,경상사고,0,0,1,0,차대사람 - 보도통행중,안전운전불이행,포장 - 건조,맑음,주차장 - 주차장,승용,남,44세,상해없음,보행자,여,79세,경상
431,2018031200100285,2018년 3월 12일 14시,월요일,경상북도 칠곡군 왜관읍,중상사고,0,1,0,0,차대사람 - 횡단중,안전운전불이행,포장 - 건조,맑음,교차로 - 교차로횡단보도내,승용,남,47세,상해없음,보행자,여,77세,중상
432,2018031200100464,2018년 3월 12일 19시,월요일,경상북도 경산시 계양동,경상사고,0,0,2,0,차대사람 - 차도통행중,안전운전불이행,포장 - 건조,맑음,교차로 - 교차로안,승용,남,64세,상해없음,보행자,남,43세,경상
433,2018031300100295,2018년 3월 13일 15시,화요일,경상북도 칠곡군 왜관읍,중상사고,0,3,0,1,차대사람 - 횡단중,보행자보호의무위반,포장 - 건조,맑음,교차로 - 교차로횡단보도내,승용,여,36세,부상신고,보행자,남,81세,중상
434,2018031300100418,2018년 3월 13일 18시,화요일,경상북도 칠곡군 석적읍,중상사고,0,1,0,0,차대사람 - 횡단중,안전운전불이행,포장 - 건조,맑음,교차로 - 교차로횡단보도내,승용,남,56세,상해없음,보행자,남,54세,중상
435,2018031300100500,2018년 3월 13일 20시,화요일,경상북도 경주시 황성동,경상사고,0,0,1,0,차대사람 - 횡단중,안전운전불이행,포장 - 건조,맑음,단일로 - 지하차도(도로)내,승용,남,35세,상해없음,보행자,남,59세,경상
436,2018031300100501,2018년 3월 13일 20시,화요일,경상북도 울릉군 울릉읍,중상사고,0,1,0,0,차대사람 - 차도통행중,신호위반,포장 - 건조,맑음,단일로 - 기타,승용,여,46세,상해없음,보행자,여,75세,중상
437,2018031300100548,2018년 3월 13일 22시,화요일,경상북도 경산시 진량읍,사망사고,1,0,0,0,차대사람 - 횡단중,안전운전불이행,포장 - 건조,맑음,단일로 - 기타,승합,남,63세,상해없음,보행자,여,20세,사망
438,2018031400100056,2018년 3월 14일 06시,수요일,경상북도 안동시 옥야동,사망사고,1,0,0,0,차대사람 - 횡단중,안전운전불이행,포장 - 건조,맑음,교차로 - 교차로부근,승합,남,50세,상해없음,보행자,여,80세,사망
439,2018031400100181,2018년 3월 14일 10시,수요일,경상북도 경주시 효현동,경상사고,0,0,1,0,차대사람 - 길가장자리구역통행중,안전운전불이행,포장 - 건조,맑음,교차로 - 교차로부근,승용,여,46세,상해없음,보행자,여,69세,경상
440,2018031400100302,2018년 3월 14일 14시,수요일,경상북도 상주시 신봉동,중상사고,0,1,0,0,차대사람 - 보도통행중,안전운전불이행,포장 - 건조,맑음,단일로 - 기타,자전거,남,59세,상해없음,보행자,여,84세,중상
441,2018031400100303,2018년 3월 14일 14시,수요일,경상북도 영주시 휴천동,중상사고,0,1,0,0,차대사람 - 횡단중,보행자보호의무위반,포장 - 건조,맑음,단일로 - 기타,승용,남,71세,상해없음,보행자,여,57세,중상
442,2018031400100381,2018년 3월 14일 16시,수요일,경상북도 영천시 금호읍,경상사고,0,0,1,0,차대사람 - 기타,안전운전불이행,포장 - 건조,맑음,단일로 - 기타,원동기,남,80세,경상,보행자,여,73세,상해없음