,사고번호,사고일시,요일,시군구,사고내용,사망자수,중상자수,경상자수,부상신고자수,사고유형,법규위반,노면상태,기상상태,도로형태,가해운전자 차종,가해운전자 성별,가해운전자 연령,가해운전자 상해정도,피해운전자 차종,피해운전자 성별,피해운전자 연령,피해운전자 상해정도
553,2018032900100215,2018년 3월 29일 11시,목요일,경상북도 김천시 황금동,중상사고,0,1,0,0,차대사람 - 길가장자리구역통행중,안전운전불이행,포장 - 건조,맑음,단일로 - 기타,이륜,남,68세,상해없음,보행자,여,81세,중상
554,2018032900100368,2018년 3월 29일 16시,목요일,경상북도 칠곡군 북삼읍,부상신고사고,0,0,0,1,차대사람 - 횡단중,안전운전불이행,포장 - 건조,맑음,교차로 - 교차로횡단보도내,승용,남,31세,상해없음,보행자,남,12세,부상신고
555,2018032900100373,2018년 3월 29일 16시,목요일,경상북도 포항시 남구 오천읍,중상사고,0,1,0,0,차대사람 - 차도통행중,안전운전불이행,포장 - 건조,맑음,단일로 - 기타,승합,여,43세,상해없음,보행자,여,6세,중상
556,2018033000100183,2018년 3월 30일 10시,금요일,경상북도 의성군 안계면,중상사고,0,1,0,0,차대사람 - 차도통행중,안전운전불이행,포장 - 건조,맑음,교차로 - 교차로안,승용,남,69세,상해없음,보행자,여,65세,중상
557,2018033000100428,2018년 3월 30일 17시,금요일,경상북도 포항시 북구 두호동,중상사고,0,1,0,0,차대사람 - 기타,보행자보호의무위반,포장 - 건조,맑음,교차로 - 교차로횡단보도내,승용,남,61세,상해없음,보행자,남,7세,중상
558,2018033000100487,2018년 3월 30일 18시,금요일,경상북도 안동시 광석동,중상사고,0,1,0,0,차대사람 - 횡단중,안전운전불이행,포장 - 건조,맑음,단일로 - 기타,이륜,남,19세,상해없음,보행자,여,57세,중상
559,2018033000100488,2018년 3월 30일 18시,금요일,경상북도 경산시 중방동,중상사고,0,1,1,0,차대사람 - 횡단중,신호위반,포장 - 건조,맑음,교차로 - 교차로횡단보도내,이륜,남,20세,경상,보행자,남,39세,중상
560,2018033000100490,2018년 3월 30일 18시,금요일,경상북도 포항시 남구 이동,경상사고,0,0,1,0,차대사람 - 기타,기타,포장 - 건조,맑음,단일로 - 기타,승합,남,54세,상해없음,보행자,여,16세,경상
561,2018033000100623,2018년 3월 30일 22시,금요일,경상북도 경주시 서악동,경상사고,0,0,1,0,차대사람 - 횡단중,신호위반,포장 - 건조,맑음,교차로 - 교차로횡단보도내,기타불명,기타불명,미분류,기타불명,보행자,여,22세,경상
562,2018033100100165,2018년 3월 31일 10시,토요일,경상북도 포항시 남구 대도동,경상사고,0,0,1,0,차대사람 - 기타,안전운전불이행,포장 - 건조,맑음,단일로 - 기타,승용,남,59세,상해없음,보행자,남,49세,경상
563,2018033100100225,2018년 3월 31일 12시,토요일,경상북도 칠곡군 약목면,중상사고,0,1,0,0,차대사람 - 차도통행중,안전운전불이행,포장 - 건조,맑음,기타 - 기타,화물,남,67세,상해없음,보행자,남,62세,중상
564,2018033100100305,2018년 3월 31일 14시,토요일,경상북도 경주시 황성동,중상사고,0,1,0,0,차대사람 - 차도통행중,안전운전불이행,포장 - 건조,맑음,단일로 - 기타,승용,남,51세,상해없음,보행자,여,87세,중상
565,2018033100100306,2018년 3월 31일 14시,토요일,경상북도 안동시 용상동,경상사고,0,0,1,0,차대사람 - 횡단중,안전운전불이행,포장 - 건조,맑음,기타 - 기타,승용,남,39세,상해없음,보행자,여,57세,경상
566,2018033100100344,2018년 3월 31일 15시,토요일,경상북도 영천시 야사동,중상사고,0,1,0,0,차대사람 - 길가장자리구역통행중,안전운전불이행,포장 - 건조,맑음,단일로 - 기타,승용,남,57세,상해없음,보행자,여,69세,중상
567,2018033100100382,2018년 3월 31일 16시,토요일,경상북도 칠곡군 석적읍,경상사고,0,0,1,0,차대사람 - 횡단중,보행자보호의무위반,포장 - 건조,맑음,교차로 - 교차로횡단보도내,화물,남,40세,상해없음,보행자,여,7세,경상
568,2018033100100602,2018년 3월 31일 23시,토요일,경상북도 울진군 북면,중상사고,0,1,0,0,차대사람 - 길가장자리구역통행중,안전운전불이행,포장 - 건조,맑음,단일로 - 기타,승용,여,48세,상해없음,보행자,남,61세,중상
569,2018040100100013,2018년 4월 1일 00시,일요일,경상북도 안동시 옥동,중상사고,0,1,0,0,차대사람 - 보도통행중,신호위반,포장 - 건조,맑음,교차로 - 교차로횡단보도내,승용,남,22세,상해없음,보행자,남,44세,중상
570,2018040100100055,2018년 4월 1일 02시,일요일,경상북도 구미시 송정동,중상사고,0,1,0,0,차대사람 - 횡단중,안전운전불이행,포장 - 건조,맑음,교차로 - 교차로횡단보도내,승용,남,34세,상해없음,보행자,남,54세,중상
571,2018040100100189,2018년 4월 1일 12시,일요일,경상북도 영덕군 강구면,경상사고,0,0,1,0,차대사람 - 기타,안전운전불이행,포장 - 건조,맑음,교차로 - 교차로부근,승합,남,60세,상해없음,보행자,남,84세,경상
572,2018040100100435,2018년 4월 1일 21시,일요일,경상북도 구미시 원평동,중상사고,0,1,0,0,차대사람 - 차도통행중,안전운전불이행,포장 - 건조,맑음,단일로 - 기타,승합,남,56세,상해없음,보행자,남,18세,중상
573,2018040200100127,2018년 4월 2일 08시,월요일,경상북도 칠곡군 왜관읍,경상사고,0,0,1,0,차대사람 - 길가장자리구역통행중,안전운전불이행,포장 - 건조,맑음,단일로 - 기타,승용,여,46세,상해없음,보행자,여,16세,경상
574,2018040200100246,2018년 4월 2일 12시,월요일,경상북도 경주시 서부동,중상사고,0,1,0,0,차대사람 - 횡단중,보행자보호의무위반,포장 - 건조,맑음,교차로 - 교차로횡단보도내,이륜,남,55세,상해없음,보행자,여,62세,중상
575,2018040200100346,2018년 4월 2일 15시,월요일,경상북도 김천시 성내동,경상사고,0,0,1,0,차대사람 - 횡단중,보행자보호의무위반,포장 - 건조,맑음,단일로 - 기타,승용,여,28세,상해없음,보행자,여,71세,경상
576,2018040200100347,2018년 4월 2일 15시,월요일,경상북도 경산시 사정동,중상사고,0,1,0,0,차대사람 - 횡단중,안전운전불이행,포장 - 건조,맑음,단일로 - 기타,승용,여,48세,상해없음,보행자,여,40세,중상
577,2018040200100348,2018년 4월 2일 15시,월요일,경상북도 구미시 공단동,중상사고,0,1,0,0,차대사람 - 횡단중,안전운전불이행,포장 - 건조,맑음,교차로 - 교차로부근,승합,남,51세,상해없음,보행자,여,47세,중상
578,2018040200100379,2018년 4월 2일 16시,월요일,경상북도 경주시 황성동,경상사고,0,0,1,0,차대사람 - 길가장자리구역통행중,안전운전불이행,포장 - 건조,맑음,단일로 - 기타,승용,남,75세,상해없음,보행자,남,31세,경상
579,2018040200100380,2018년 4월 2일 16시,월요일,경상북도 경주시 성건동,중상사고,0,1,0,0,차대사람 - 길가장자리구역통행중,안전운전불이행,포장 - 건조,맑음,단일로 - 기타,승용,남,77세,상해없음,보행자,여,79세,중상
580,2018040200100416,2018년 4월 2일 17시,월요일,경상북도 안동시 태화동,중상사고,0,1,0,0,차대사람 - 횡단중,안전운전불이행,포장 - 건조,맑음,단일로 - 기타,승용,여,68세,상해없음,보행자,남,50세,중상
581,2018040200100500,2018년 4월 2일 19시,월요일,경상북도 영천시 고경면,경상사고,0,0,1,0,차대사람 - 기타,안전운전불이행,포장 - 건조,맑음,교차로 - 교차로안,승용,여,54세,상해없음,보행자,남,8세,경상
582,2018040200100536,2018년 4월 2일 20시,월요일,경상북도 포항시 남구 동해면,중상사고,0,1,1,0,차대사람 - 횡단중,안전운전불이행,포장 - 건조,맑음,단일로 - 기타,승용,남,47세,상해없음,보행자,여,58세,중상
583,2018040300100050,2018년 4월 3일 05시,화요일,경상북도 구미시 광평동,중상사고,0,1,0,0,차대사람 - 횡단중,안전운전불이행,포장 - 건조,맑음,단일로 - 기타,건설기계,남,57세,상해없음,보행자,여,79세,중상
584,2018040300100082,2018년 4월 3일 07시,화요일,경상북도 포항시 남구 지곡동,경상사고,0,0,1,0,차대사람 - 보도통행중,보행자보호의무위반,포장 - 건조,맑음,교차로 - 교차로안,승용,남,68세,상해없음,보행자,남,66세,경상
585,2018040300100161,2018년 4월 3일 09시,화요일,경상북도 구미시 고아읍,경상사고,0,0,1,0,차대사람 - 기타,안전운전불이행,포장 - 건조,맑음,기타 - 기타,승용,남,64세,상해없음,보행자,여,58세,경상
586,2018040300100291,2018년 4월 3일 13시,화요일,경상북도 포항시 남구 대잠동,중상사고,0,1,0,0,차대사람 - 기타,교차로운행방법위반,포장 - 건조,맑음,교차로 - 교차로안,승용,남,51세,상해없음,보행자,여,21세,중상
587,2018040300100362,2018년 4월 3일 15시,화요일,경상북도 영천시 완산동,경상사고,0,0,1,0,차대사람 - 차도통행중,안전운전불이행,포장 - 건조,맑음,교차로 - 교차로안,승용,여,41세,상해없음,보행자,남,54세,경상
588,2018040300100474,2018년 4월 3일 18시,화요일,경상북도 안동시 옥동,부상신고사고,0,0,0,1,차대사람 - 횡단중,안전운전불이행,포장 - 건조,맑음,단일로 - 기타,승용,남,31세,상해없음,보행자,남,7세,부상신고
589,2018040300100476,2018년 4월 3일 18시,화요일,경상북도 포항시 남구 이동,경상사고,0,0,1,0,차대사람 - 기타,안전운전불이행,포장 - 건조,맑음,교차로 - 교차로안,승용,남,39세,상해없음,보행자,여,76세,경상
590,2018040400100153,2018년 4월 4일 08시,수요일,경상북도 포항시 남구 해도동,경상사고,0,0,1,0,차대사람 - 길가장자리구역통행중,교차로운행방법위반,포장 - 젖음/습기,맑음,교차로 - 교차로안,승용,여,43세,상해없음,보행자,남,83세,경상
591,2018040400100180,2018년 4월 4일 09시,수요일,경상북도 경주시 황오동,중상사고,0,1,0,0,차대사람 - 횡단중,안전운전불이행,포장 - 건조,흐림,단일로 - 기타,이륜,남,71세,상해없음,보행자,여,75세,중상
592,2018040400100181,2018년 4월 4일 09시,수요일,경상북도 안동시 태화동,중상사고,0,1,0,0,차대사람 - 횡단중,안전운전불이행,포장 - 젖음/습기,비,단일로 - 기타,승용,여,39세,상해없음,보행자,여,79세,중상
593,2018040400100282,2018년 4월 4일 13시,수요일,경상북도 포항시 북구 용흥동,중상사고,0,1,0,0,차대사람 - 횡단중,신호위반,포장 - 건조,맑음,단일로 - 기타,화물,남,25세,상해없음,보행자,여,63세,중상
594,2018040400100283,2018년 4월 4일 13시,수요일,경상북도 봉화군 춘양면,중상사고,0,1,0,0,차대사람 - 기타,안전운전불이행,포장 - 건조,맑음,교차로 - 교차로부근,승용,남,78세,상해없음,보행자,여,74세,중상
595,2018040400100320,2018년 4월 4일 14시,수요일,경상북도 울진군 울진읍,중상사고,0,1,0,0,차대사람 - 횡단중,보행자보호의무위반,포장 - 젖음/습기,비,단일로 - 기타,화물,남,67세,상해없음,보행자,여,10세,중상
596,2018040400100460,2018년 4월 4일 18시,수요일,경상북도 문경시 흥덕동,경상사고,0,0,1,0,차대사람 - 횡단중,안전운전불이행,포장 - 건조,맑음,단일로 - 기타,화물,여,61세,상해없음,보행자,여,7세,경상
597,2018040400100536,2018년 4월 4일 20시,수요일,경상북도 안동시 송현동,중상사고,0,1,0,0,차대사람 - 횡단중,안전운전불이행,포장 - 건조,맑음,단일로 - 기타,화물,남,52세,상해없음,보행자,남,19세,중상
598,2018040400100537,2018년 4월 4일 20시,수요일,경상북도 김천시 백옥동,경상사고,0,0,2,0,차대사람 - 횡단중,신호위반,포장 - 젖음/습기,비,교차로 - 교차로횡단보도내,이륜,남,53세,상해없음,보행자,남,32세,경상
599,2018040400100568,2018년 4월 4일 21시,수요일,경상북도 영주시 하망동,경상사고,0,0,1,0,차대사람 - 차도통행중,안전운전불이행,포장 - 건조,맑음,교차로 - 교차로안,이륜,남,25세,상해없음,보행자,남,76세,경상
600,2018040500100292,2018년 4월 5일 14시,목요일,경상북도 경주시 북군동,경상사고,0,0,1,0,차대사람 - 차도통행중,안전운전불이행,포장 - 건조,맑음,단일로 - 기타,승용,남,62세,상해없음,보행자,남,62세,경상
601,2018040500100347,2018년 4월 5일 16시,목요일,경상북도 경주시 내남면,사망사고,1,0,0,0,차대사람 - 길가장자리구역통행중,안전운전불이행,포장 - 젖음/습기,흐림,교차로 - 교차로부근,승합,여,41세,상해없음,보행자,남,8세,사망
602,2018040500100532,2018년 4월 5일 20시,목요일,경상북도 구미시 송정동,중상사고,0,1,0,0,차대사람 - 횡단중,안전운전불이행,포장 - 젖음/습기,비,단일로 - 기타,승용,여,41세,상해없음,보행자,여,56세,중상
603,2018040500100578,2018년 4월 5일 21시,목요일,경상북도 경산시 사정동,사망사고,1,0,0,0,차대사람 - 횡단중,보행자보호의무위반,포장 - 젖음/습기,비,단일로 - 기타,승용,남,50세,상해없음,보행자,여,68세,사망
604,2018040500100665,2018년 4월 5일 23시,목요일,경상북도 경산시 삼풍동,경상사고,0,0,1,0,차대사람 - 횡단중,보행자보호의무위반,포장 - 젖음/습기,비,교차로 - 교차로부근,승용,남,45세,기타불명,보행자,남,38세,경상
605,2018040500100666,2018년 4월 5일 23시,목요일,경상북도 구미시 구평동,경상사고,0,0,1,0,차대사람 - 기타,안전운전불이행,포장 - 젖음/습기,비,교차로 - 교차로부근,승용,여,67세,상해없음,보행자,여,16세,경상
606,2018040600100193,2018년 4월 6일 09시,금요일,경상북도 구미시 인의동,중상사고,0,1,0,0,차대사람 - 횡단중,안전운전불이행,포장 - 건조,맑음,교차로 - 교차로안,승용,남,54세,상해없음,보행자,여,67세,중상
607,2018040600100329,2018년 4월 6일 14시,금요일,경상북도 구미시 옥계동,중상사고,0,1,0,0,차대사람 - 횡단중,안전운전불이행,포장 - 건조,맑음,교차로 - 교차로횡단보도내,승합,여,60세,상해없음,보행자,여,7세,중상
608,2018040600100433,2018년 4월 6일 17시,금요일,경상북도 포항시 북구 상원동,경상사고,0,0,1,0,차대사람 - 기타,안전운전불이행,포장 - 건조,맑음,단일로 - 기타,승용,남,24세,상해없음,보행자,남,80세,경상
609,2018040600100434,2018년 4월 6일 17시,금요일,경상북도 안동시 태화동,경상사고,0,0,1,0,차대사람 - 횡단중,신호위반,포장 - 건조,맑음,단일로 - 기타,승용,남,21세,상해없음,보행자,남,14세,경상
610,2018040600100504,2018년 4월 6일 19시,금요일,경상북도 경산시 하양읍,중상사고,0,1,0,0,차대사람 - 기타,안전운전불이행,포장 - 건조,맑음,단일로 - 기타,기타불명,기타불명,미분류,기타불명,보행자,남,58세,중상
611,2018040600100549,2018년 4월 6일 20시,금요일,경상북도 울진군 후포면,중상사고,0,1,0,0,차대사람 - 보도통행중,안전운전불이행,포장 - 건조,맑음,단일로 - 기타,승용,남,66세,상해없음,보행자,남,71세,중상
612,2018040600100611,2018년 4월 6일 22시,금요일,경상북도 경주시 용강동,중상사고,0,1,1,0,차대사람 - 길가장자리구역통행중,안전운전불이행,포장 - 건조,맑음,단일로 - 기타,이륜,남,59세,중상,보행자,남,59세,경상
613,2018040700100036,2018년 4월 7일 01시,토요일,경상북도 경산시 옥산동,경상사고,0,0,1,0,차대사람 - 차도통행중,안전운전불이행,포장 - 건조,맑음,교차로 - 교차로안,화물,남,22세,상해없음,보행자,남,28세,경상
614,2018040700100138,2018년 4월 7일 08시,토요일,경상북도 성주군 성주읍,경상사고,0,0,1,0,차대사람 - 기타,안전운전불이행,포장 - 건조,맑음,단일로 - 기타,화물,남,66세,상해없음,보행자,여,74세,경상
615,2018040700100325,2018년 4월 7일 14시,토요일,경상북도 안동시 태화동,중상사고,0,1,0,0,차대사람 - 횡단중,안전운전불이행,포장 - 건조,맑음,단일로 - 기타,승용,여,27세,상해없음,보행자,여,78세,중상
616,2018040700100326,2018년 4월 7일 14시,토요일,경상북도 청도군 청도읍,부상신고사고,0,0,0,1,차대사람 - 횡단중,안전운전불이행,포장 - 건조,맑음,교차로 - 교차로안,기타불명,기타불명,미분류,기타불명,보행자,남,9세,부상신고
617,2018040700100511,2018년 4월 7일 18시,토요일,경상북도 포항시 북구 죽도동,경상사고,0,0,1,0,차대사람 - 횡단중,보행자보호의무위반,포장 - 건조,맑음,교차로 - 교차로횡단보도내,승용,여,68세,상해없음,보행자,여,17세,경상
618,2018040700100581,2018년 4월 7일 20시,토요일,경상북도 안동시 옥동,경상사고,0,0,1,0,차대사람 - 길가장자리구역통행중,안전운전불이행,포장 - 건조,맑음,단일로 - 기타,승용,남,22세,상해없음,보행자,남,24세,경상
619,2018040700100611,2018년 4월 7일 21시,토요일,경상북도 구미시 남통동,중상사고,0,1,0,0,차대사람 - 기타,보행자보호의무위반,포장 - 건조,맑음,교차로 - 교차로횡단보도내,승용,남,56세,상해없음,보행자,남,20세,중상
620,2018040700100668,2018년 4월 7일 23시,토요일,경상북도 영천시 화북면,사망사고,1,0,0,0,차대사람 - 횡단중,안전운전불이행,포장 - 건조,맑음,단일로 - 기타,승합,남,36세,상해없음,보행자,남,66세,사망
621,2018040800100277,2018년 4월 8일 15시,일요일,경상북도 포항시 북구 창포동,경상사고,0,0,1,0,차대사람 - 횡단중,안전운전불이행,포장 - 건조,맑음,단일로 - 기타,승용,남,67세,상해없음,보행자,남,47세,경상
622,2018040800100314,2018년 4월 8일 16시,일요일,경상북도 김천시 대항면,중상사고,0,1,0,0,차대사람 - 기타,안전운전불이행,포장 - 건조,맑음,기타 - 기타,승용,남,42세,상해없음,보행자,여,34세,중상
623,2018040800100482,2018년 4월 8일 22시,일요일,경상북도 구미시 진평동,경상사고,0,0,1,0,차대사람 - 길가장자리구역통행중,안전운전불이행,포장 - 건조,맑음,교차로 - 교차로안,승용,남,64세,상해없음,보행자,남,24세,경상
624,2018040900100300,2018년 4월 9일 13시,월요일,경상북도 영덕군 영덕읍,경상사고,0,0,2,0,차대사람 - 횡단중,안전운전불이행,포장 - 건조,맑음,단일로 - 기타,승용,여,26세,상해없음,보행자,여,7세,경상
625,2018040900100409,2018년 4월 9일 16시,월요일,경상북도 구미시 원평동,중상사고,0,1,0,0,차대사람 - 기타,안전운전불이행,포장 - 건조,맑음,단일로 - 기타,화물,남,42세,상해없음,보행자,여,67세,중상
626,2018040900100499,2018년 4월 9일 18시,월요일,경상북도 봉화군 소천면,중상사고,0,1,0,0,차대사람 - 기타,안전운전불이행,포장 - 건조,맑음,단일로 - 기타,화물,남,27세,상해없음,보행자,여,75세,중상
627,2018040900100500,2018년 4월 9일 18시,월요일,경상북도 포항시 남구 효자동,경상사고,0,0,1,0,차대사람 - 길가장자리구역통행중,안전운전불이행,포장 - 건조,맑음,교차로 - 교차로안,승용,여,44세,상해없음,보행자,남,11세,경상
628,2018040900100542,2018년 4월 9일 19시,월요일,경상북도 경산시 자인면,부상신고사고,0,0,0,1,차대사람 - 차도통행중,안전운전불이행,포장 - 건조,맑음,단일로 - 기타,기타불명,기타불명,미분류,기타불명,보행자,남,47세,부상신고
629,2018040900100616,2018년 4월 9일 21시,월요일,경상북도 포항시 남구 해도동,경상사고,0,0,1,0,차대사람 - 길가장자리구역통행중,안전운전불이행,포장 - 건조,맑음,교차로 - 교차로안,승용,여,28세,상해없음,보행자,남,46세,경상
630,2018041000100231,2018년 4월 10일 11시,화요일,경상북도 김천시 황금동,경상사고,0,0,1,0,차대사람 - 차도통행중,안전운전불이행,포장 - 건조,맑음,단일로 - 기타,승용,남,65세,상해없음,보행자,여,82세,경상
631,2018041000100289,2018년 4월 10일 13시,화요일,경상북도 청도군 금천면,중상사고,0,1,0,0,차대사람 - 차도통행중,안전운전불이행,포장 - 건조,맑음,기타 - 기타,건설기계,남,55세,상해없음,보행자,남,82세,중상
632,2018041000100290,2018년 4월 10일 13시,화요일,경상북도 구미시 인의동,경상사고,0,0,1,0,차대사람 - 기타,안전운전불이행,포장 - 건조,맑음,단일로 - 기타,화물,남,24세,상해없음,보행자,여,22세,경상
633,2018041000100420,2018년 4월 10일 17시,화요일,경상북도 경산시 옥산동,경상사고,0,0,1,0,차대사람 - 기타,안전운전불이행,포장 - 건조,맑음,단일로 - 기타,화물,남,46세,상해없음,보행자,남,31세,경상
634,2018041000100421,2018년 4월 10일 17시,화요일,경상북도 경산시 진량읍,중상사고,0,1,0,0,차대사람 - 길가장자리구역통행중,안전운전불이행,포장 - 건조,맑음,단일로 - 기타,승용,남,60세,상해없음,보행자,여,80세,중상
635,2018041000100653,2018년 4월 10일 23시,화요일,경상북도 포항시 북구 두호동,경상사고,0,0,1,0,차대사람 - 기타,안전운전불이행,포장 - 건조,맑음,단일로 - 기타,기타불명,기타불명,미분류,기타불명,보행자,남,36세,경상
636,2018041000100654,2018년 4월 10일 23시,화요일,경상북도 경산시 옥산동,경상사고,0,0,1,0,차대사람 - 횡단중,보행자보호의무위반,포장 - 건조,맑음,교차로 - 교차로안,승용,남,49세,상해없음,보행자,남,57세,경상
637,2018041100100298,2018년 4월 11일 14시,수요일,경상북도 안동시 용상동,중상사고,0,1,0,0,차대사람 - 횡단중,보행자보호의무위반,포장 - 건조,맑음,단일로 - 기타,승용,여,35세,상해없음,보행자,여,10세,중상
638,2018041100100425,2018년 4월 11일 17시,수요일,경상북도 경주시 안강읍,중상사고,0,1,0,0,차대사람 - 횡단중,안전운전불이행,포장 - 건조,맑음,단일로 - 기타,승용,여,52세,상해없음,보행자,여,8세,중상
639,2018041100100478,2018년 4월 11일 18시,수요일,경상북도 경산시 진량읍,경상사고,0,0,1,0,차대사람 - 기타,안전운전불이행,포장 - 건조,맑음,단일로 - 기타,기타불명,기타불명,미분류,기타불명,보행자,여,60세,경상
640,2018041100100544,2018년 4월 11일 20시,수요일,경상북도 구미시 상모동,중상사고,0,1,0,0,차대사람 - 횡단중,안전운전불이행,포장 - 건조,맑음,단일로 - 기타,승용,남,36세,상해없음,보행자,여,19세,중상
641,2018041100100593,2018년 4월 11일 22시,수요일,경상북도 구미시 공단동,중상사고,0,1,0,0,차대사람 - 횡단중,안전운전불이행,포장 - 건조,맑음,단일로 - 기타,승용,남,52세,상해없음,보행자,남,49세,중상
642,2018041200100253,2018년 4월 12일 12시,목요일,경상북도 경산시 옥산동,경상사고,0,0,1,0,차대사람 - 횡단중,안전운전불이행,포장 - 건조,맑음,단일로 - 기타,승용,남,32세,상해없음,보행자,여,55세,경상
643,2018041200100563,2018년 4월 12일 20시,목요일,경상북도 영주시 휴천동,경상사고,0,0,2,0,차대사람 - 횡단중,보행자보호의무위반,포장 - 건조,맑음,교차로 - 교차로횡단보도내,승용,남,23세,상해없음,보행자,여,63세,경상
644,2018041200100564,2018년 4월 12일 20시,목요일,경상북도 영천시 창구동,경상사고,0,0,1,0,차대사람 - 횡단중,안전운전불이행,포장 - 건조,맑음,단일로 - 기타,승용,여,28세,상해없음,보행자,여,68세,경상
645,2018041300100048,2018년 4월 13일 04시,금요일,경상북도 포항시 남구 상도동,경상사고,0,0,1,0,차대사람 - 차도통행중,안전운전불이행,포장 - 건조,맑음,단일로 - 기타,승용,남,46세,상해없음,보행자,남,37세,경상
646,2018041300100179,2018년 4월 13일 09시,금요일,경상북도 영천시 문외동,중상사고,0,1,0,0,차대사람 - 보도통행중,과속,포장 - 건조,맑음,교차로 - 교차로부근,승용,남,26세,상해없음,보행자,남,71세,중상
647,2018041300100286,2018년 4월 13일 13시,금요일,경상북도 안동시 천리동,중상사고,0,1,0,0,차대사람 - 기타,안전운전불이행,포장 - 건조,맑음,단일로 - 기타,승용,남,61세,상해없음,보행자,남,71세,중상
648,2018041300100589,2018년 4월 13일 21시,금요일,경상북도 경주시 동천동,중상사고,0,1,0,0,차대사람 - 기타,안전운전불이행,포장 - 건조,맑음,단일로 - 기타,승용,남,52세,상해없음,보행자,남,58세,중상
649,2018041300100590,2018년 4월 13일 21시,금요일,경상북도 김천시 부곡동,경상사고,0,0,1,0,차대사람 - 길가장자리구역통행중,안전운전불이행,포장 - 건조,맑음,단일로 - 기타,승용,남,32세,상해없음,보행자,남,24세,경상
650,2018041300100653,2018년 4월 13일 23시,금요일,경상북도 경주시 용강동,경상사고,0,0,1,0,차대사람 - 횡단중,보행자보호의무위반,포장 - 건조,맑음,단일로 - 기타,화물,남,60세,상해없음,보행자,여,57세,경상
651,2018041400100403,2018년 4월 14일 16시,토요일,경상북도 포항시 북구 대신동,경상사고,0,0,1,0,차대사람 - 기타,중앙선침범,포장 - 건조,맑음,단일로 - 기타,승용,남,73세,상해없음,보행자,여,22세,경상
652,2018041400100550,2018년 4월 14일 22시,토요일,경상북도 경주시 석장동,중상사고,0,2,0,0,차대사람 - 횡단중,보행자보호의무위반,포장 - 건조,맑음,교차로 - 교차로부근,승용,남,21세,상해없음,보행자,남,54세,중상
653,2018041500100026,2018년 4월 15일 01시,일요일,경상북도 칠곡군 석적읍,중상사고,0,1,1,0,차대사람 - 보도통행중,안전운전불이행,포장 - 건조,맑음,단일로 - 기타,승용,남,27세,상해없음,보행자,남,48세,중상
654,2018041500100067,2018년 4월 15일 05시,일요일,경상북도 경산시 임당동,경상사고,0,0,1,0,차대사람 - 길가장자리구역통행중,안전운전불이행,포장 - 건조,맑음,단일로 - 기타,승용,남,27세,상해없음,보행자,남,23세,경상
655,2018041500100156,2018년 4월 15일 11시,일요일,경상북도 경산시 압량면,중상사고,0,1,0,0,차대사람 - 기타,신호위반,포장 - 건조,맑음,교차로 - 교차로안,승용,남,67세,상해없음,보행자,여,6세,중상
656,2018041500100276,2018년 4월 15일 15시,일요일,경상북도 경주시 황남동,경상사고,0,0,1,0,차대사람 - 차도통행중,안전운전불이행,포장 - 건조,맑음,단일로 - 기타,승용,여,22세,상해없음,보행자,여,21세,경상
657,2018041500100277,2018년 4월 15일 15시,일요일,경상북도 경주시 황성동,중상사고,0,1,0,0,차대사람 - 차도통행중,안전운전불이행,포장 - 건조,맑음,단일로 - 기타,승용,남,46세,상해없음,보행자,여,16세,중상
658,2018041600100176,2018년 4월 16일 09시,월요일,경상북도 안동시 태화동,경상사고,0,0,1,0,차대사람 - 보도통행중,보행자보호의무위반,포장 - 건조,맑음,교차로 - 교차로안,화물,남,44세,상해없음,보행자,남,40세,경상
659,2018041600100228,2018년 4월 16일 11시,월요일,경상북도 포항시 남구 구룡포읍,중상사고,0,1,0,0,차대사람 - 차도통행중,안전운전불이행,포장 - 건조,맑음,단일로 - 기타,승용,남,66세,상해없음,보행자,남,82세,중상
660,2018041600100354,2018년 4월 16일 15시,월요일,경상북도 경산시 용성면,중상사고,0,2,0,0,차대사람 - 길가장자리구역통행중,안전운전불이행,포장 - 건조,맑음,단일로 - 기타,승용,남,71세,상해없음,보행자,여,57세,중상
661,2018041600100429,2018년 4월 16일 17시,월요일,경상북도 경주시 황성동,중상사고,0,1,0,0,차대사람 - 차도통행중,안전운전불이행,포장 - 건조,맑음,교차로 - 교차로안,승용,남,64세,상해없음,보행자,남,13세,중상
662,2018041600100592,2018년 4월 16일 22시,월요일,경상북도 포항시 남구 동해면,경상사고,0,0,1,0,차대사람 - 기타,안전운전불이행,포장 - 건조,맑음,단일로 - 기타,기타불명,기타불명,미분류,기타불명,보행자,남,14세,경상
663,2018041700100007,2018년 4월 17일 00시,화요일,경상북도 칠곡군 석적읍,경상사고,0,0,1,0,차대사람 - 횡단중,안전운전불이행,포장 - 건조,흐림,단일로 - 기타,이륜,남,37세,상해없음,보행자,남,53세,경상
664,2018041700100085,2018년 4월 17일 07시,화요일,경상북도 포항시 남구 상도동,중상사고,0,1,0,0,차대사람 - 횡단중,안전운전불이행,포장 - 젖음/습기,비,교차로 - 교차로안,승용,여,59세,상해없음,보행자,여,73세,중상