,사고번호,사고일시,요일,시군구,사고내용,사망자수,중상자수,경상자수,부상신고자수,사고유형,법규위반,노면상태,기상상태,도로형태,가해운전자 차종,가해운전자 성별,가해운전자 연령,가해운전자 상해정도,피해운전자 차종,피해운전자 성별,피해운전자 연령,피해운전자 상해정도
998,2018060700100337,2018년 6월 7일 15시,목요일,경상북도 구미시 고아읍,경상사고,0,0,1,0,차대사람 - 횡단중,보행자보호의무위반,포장 - 건조,맑음,교차로 - 교차로횡단보도내,승용,여,54세,상해없음,보행자,남,7세,경상
999,2018060700100373,2018년 6월 7일 16시,목요일,경상북도 구미시 봉곡동,중상사고,0,1,0,0,차대사람 - 횡단중,보행자보호의무위반,포장 - 건조,맑음,교차로 - 교차로횡단보도내,승용,여,46세,상해없음,보행자,여,40세,중상
1000,2018060800100098,2018년 6월 8일 07시,금요일,경상북도 고령군 우곡면,경상사고,0,0,1,0,차대사람 - 기타,기타,포장 - 건조,맑음,단일로 - 기타,화물,남,53세,상해없음,보행자,여,78세,경상
1001,2018060800100309,2018년 6월 8일 13시,금요일,경상북도 경산시 사정동,경상사고,0,0,2,0,차대사람 - 보도통행중,기타,포장 - 건조,맑음,단일로 - 기타,승용,여,27세,상해없음,보행자,남,20세,경상
1002,2018060800100421,2018년 6월 8일 16시,금요일,경상북도 안동시 풍천면,경상사고,0,0,1,0,차대사람 - 횡단중,보행자보호의무위반,포장 - 건조,맑음,단일로 - 기타,이륜,남,23세,상해없음,보행자,남,13세,경상
1003,2018060800100534,2018년 6월 8일 18시,금요일,경상북도 상주시 외남면,경상사고,0,0,1,0,차대사람 - 횡단중,안전운전불이행,포장 - 건조,맑음,교차로 - 교차로안,승용,남,60세,상해없음,보행자,여,75세,경상
1004,2018060900100123,2018년 6월 9일 08시,토요일,경상북도 칠곡군 석적읍,경상사고,0,0,1,0,차대사람 - 횡단중,안전운전불이행,포장 - 건조,맑음,단일로 - 기타,승용,여,43세,상해없음,보행자,남,8세,경상
1005,2018060900100124,2018년 6월 9일 08시,토요일,경상북도 청송군 청송읍,중상사고,0,1,0,0,차대사람 - 횡단중,안전운전불이행,포장 - 건조,맑음,단일로 - 기타,승용,남,41세,상해없음,보행자,여,61세,중상
1006,2018060900100147,2018년 6월 9일 09시,토요일,경상북도 상주시 복룡동,경상사고,0,0,1,0,차대사람 - 횡단중,교차로운행방법위반,포장 - 건조,맑음,교차로 - 교차로안,화물,남,34세,상해없음,보행자,남,85세,경상
1007,2018060900100221,2018년 6월 9일 11시,토요일,경상북도 청도군 청도읍,경상사고,0,0,1,0,차대사람 - 횡단중,안전운전불이행,포장 - 건조,맑음,단일로 - 기타,승용,남,22세,상해없음,보행자,여,64세,경상
1008,2018060900100260,2018년 6월 9일 12시,토요일,경상북도 문경시 산북면,경상사고,0,0,1,0,차대사람 - 길가장자리구역통행중,안전운전불이행,포장 - 건조,맑음,단일로 - 기타,승용,남,58세,상해없음,보행자,남,60세,경상
1009,2018060900100389,2018년 6월 9일 16시,토요일,경상북도 경산시 하양읍,중상사고,0,1,0,0,차대사람 - 횡단중,안전운전불이행,포장 - 건조,맑음,교차로 - 교차로부근,승용,여,64세,상해없음,보행자,여,71세,중상
1010,2018060900100632,2018년 6월 9일 23시,토요일,경상북도 포항시 북구 용흥동,중상사고,0,1,0,0,차대사람 - 기타,안전운전불이행,포장 - 건조,맑음,단일로 - 기타,화물,여,48세,기타불명,보행자,여,22세,중상
1011,2018061000100017,2018년 6월 10일 00시,일요일,경상북도 포항시 북구 죽도동,중상사고,0,1,0,0,차대사람 - 횡단중,안전운전불이행,포장 - 건조,맑음,단일로 - 기타,승용,남,58세,상해없음,보행자,여,35세,중상
1012,2018061000100159,2018년 6월 10일 10시,일요일,경상북도 구미시 원평동,경상사고,0,0,1,0,차대사람 - 기타,보행자보호의무위반,포장 - 건조,맑음,교차로 - 교차로안,승용,남,65세,상해없음,보행자,여,58세,경상
1013,2018061000100393,2018년 6월 10일 19시,일요일,경상북도 상주시 외남면,중상사고,0,1,0,0,차대사람 - 차도통행중,교차로운행방법위반,포장 - 건조,맑음,교차로 - 교차로안,원동기,남,78세,상해없음,보행자,여,69세,중상
1014,2018061000100394,2018년 6월 10일 19시,일요일,경상북도 영덕군 남정면,경상사고,0,0,1,0,차대사람 - 기타,안전운전불이행,포장 - 건조,맑음,단일로 - 기타,승용,남,76세,상해없음,보행자,남,45세,경상
1015,2018061000100422,2018년 6월 10일 20시,일요일,경상북도 영천시 조교동,경상사고,0,0,1,0,차대사람 - 길가장자리구역통행중,안전운전불이행,포장 - 건조,맑음,주차장 - 주차장,승용,여,44세,상해없음,보행자,남,35세,경상
1016,2018061100100305,2018년 6월 11일 14시,월요일,경상북도 칠곡군 왜관읍,중상사고,0,1,0,0,차대사람 - 보도통행중,안전운전불이행,포장 - 건조,맑음,단일로 - 기타,승용,여,69세,상해없음,보행자,여,51세,중상
1017,2018061100100306,2018년 6월 11일 14시,월요일,경상북도 경산시 계양동,중상사고,0,1,0,0,차대사람 - 횡단중,기타,포장 - 건조,맑음,교차로 - 교차로부근,화물,남,56세,기타불명,보행자,여,67세,중상
1018,2018061100100525,2018년 6월 11일 20시,월요일,경상북도 김천시 평화동,중상사고,0,1,0,0,차대사람 - 횡단중,보행자보호의무위반,포장 - 건조,기타,기타 - 기타,승용,남,62세,상해없음,보행자,여,15세,중상
1019,2018061100100553,2018년 6월 11일 21시,월요일,경상북도 문경시 점촌동,중상사고,0,1,0,0,차대사람 - 보도통행중,기타,포장 - 건조,맑음,단일로 - 기타,승용,남,49세,상해없음,보행자,여,56세,중상
1020,2018061200100118,2018년 6월 12일 08시,화요일,경상북도 영주시 풍기읍,경상사고,0,0,1,0,차대사람 - 횡단중,안전운전불이행,포장 - 건조,맑음,교차로 - 교차로안,화물,남,41세,상해없음,보행자,여,52세,경상
1021,2018061200100199,2018년 6월 12일 10시,화요일,경상북도 성주군 성주읍,경상사고,0,0,1,0,차대사람 - 횡단중,보행자보호의무위반,포장 - 건조,맑음,교차로 - 교차로횡단보도내,특수,남,47세,상해없음,보행자,여,85세,경상
1022,2018061200100229,2018년 6월 12일 11시,화요일,경상북도 경주시 감포읍,중상사고,0,1,0,0,차대사람 - 횡단중,안전운전불이행,포장 - 건조,맑음,단일로 - 기타,승용,남,58세,상해없음,보행자,남,46세,중상
1023,2018061200100258,2018년 6월 12일 12시,화요일,경상북도 김천시 지례면,경상사고,0,0,1,0,차대사람 - 길가장자리구역통행중,안전운전불이행,포장 - 건조,맑음,기타 - 기타,화물,남,55세,상해없음,보행자,여,75세,경상
1024,2018061200100353,2018년 6월 12일 15시,화요일,경상북도 포항시 북구 두호동,중상사고,0,1,0,0,차대사람 - 기타,중앙선침범,포장 - 건조,맑음,단일로 - 기타,화물,남,50세,상해없음,보행자,여,60세,중상
1025,2018061200100355,2018년 6월 12일 15시,화요일,경상북도 예천군 예천읍,중상사고,0,1,0,0,차대사람 - 차도통행중,안전운전불이행,포장 - 건조,맑음,단일로 - 기타,승용,여,32세,상해없음,보행자,여,87세,중상
1026,2018061200100534,2018년 6월 12일 19시,화요일,경상북도 경주시 외동읍,중상사고,0,1,0,0,차대사람 - 횡단중,신호위반,포장 - 건조,맑음,교차로 - 교차로안,승용,여,21세,상해없음,보행자,여,57세,중상
1027,2018061200100535,2018년 6월 12일 19시,화요일,경상북도 상주시 남성동,경상사고,0,0,1,0,차대사람 - 보도통행중,보행자보호의무위반,포장 - 건조,맑음,교차로 - 교차로횡단보도내,승용,남,51세,상해없음,보행자,여,71세,경상
1028,2018061200100536,2018년 6월 12일 19시,화요일,경상북도 구미시 비산동,경상사고,0,0,1,0,차대사람 - 기타,안전운전불이행,포장 - 건조,맑음,기타 - 기타,승용,여,52세,상해없음,보행자,여,7세,경상
1029,2018061200100576,2018년 6월 12일 20시,화요일,경상북도 상주시 복룡동,중상사고,0,1,0,0,차대사람 - 횡단중,안전운전불이행,포장 - 건조,맑음,교차로 - 교차로안,승용,여,59세,상해없음,보행자,남,48세,중상
1030,2018061200100606,2018년 6월 12일 21시,화요일,경상북도 경산시 하양읍,사망사고,1,0,0,0,차대사람 - 횡단중,안전운전불이행,포장 - 건조,맑음,단일로 - 기타,승용,여,46세,상해없음,보행자,여,79세,사망
1031,2018061300100246,2018년 6월 13일 12시,수요일,경상북도 안동시 옥동,경상사고,0,0,1,0,차대사람 - 횡단중,안전운전불이행,포장 - 건조,맑음,단일로 - 기타,승용,남,57세,상해없음,보행자,남,60세,경상
1032,2018061300100339,2018년 6월 13일 15시,수요일,경상북도 포항시 북구 장성동,중상사고,0,1,0,0,차대사람 - 차도통행중,안전운전불이행,포장 - 건조,맑음,단일로 - 기타,승용,여,32세,상해없음,보행자,여,31세,중상
1033,2018061300100408,2018년 6월 13일 17시,수요일,경상북도 경산시 하양읍,경상사고,0,0,1,0,차대사람 - 기타,안전운전불이행,포장 - 건조,맑음,단일로 - 기타,자전거,기타불명,미분류,기타불명,보행자,여,8세,경상
1034,2018061400100157,2018년 6월 14일 09시,목요일,경상북도 안동시 송현동,경상사고,0,0,1,0,차대사람 - 길가장자리구역통행중,보행자보호의무위반,포장 - 건조,맑음,단일로 - 기타,승용,여,40세,상해없음,보행자,여,74세,경상
1035,2018061400100235,2018년 6월 14일 12시,목요일,경상북도 영주시 가흥동,경상사고,0,0,1,0,차대사람 - 횡단중,안전운전불이행,포장 - 건조,맑음,단일로 - 기타,화물,남,54세,상해없음,보행자,남,53세,경상
1036,2018061400100293,2018년 6월 14일 14시,목요일,경상북도 경주시 안강읍,중상사고,0,1,0,0,차대사람 - 길가장자리구역통행중,안전운전불이행,포장 - 건조,맑음,단일로 - 기타,승용,여,64세,상해없음,보행자,여,80세,중상
1037,2018061400100563,2018년 6월 14일 20시,목요일,경상북도 김천시 봉산면,중상사고,0,1,1,0,차대사람 - 차도통행중,안전운전불이행,포장 - 건조,맑음,단일로 - 기타,승용,여,44세,경상,보행자,남,51세,중상
1038,2018061500100112,2018년 6월 15일 08시,금요일,경상북도 포항시 북구 양덕동,경상사고,0,0,1,0,차대사람 - 횡단중,안전운전불이행,포장 - 건조,맑음,단일로 - 기타,승용,남,59세,상해없음,보행자,남,9세,경상
1039,2018061500100115,2018년 6월 15일 08시,금요일,경상북도 구미시 도량동,부상신고사고,0,0,0,1,차대사람 - 횡단중,신호위반,포장 - 건조,맑음,단일로 - 기타,기타불명,기타불명,미분류,기타불명,보행자,여,6세,부상신고
1040,2018061500100148,2018년 6월 15일 09시,금요일,경상북도 경주시 노서동,경상사고,0,0,1,0,차대사람 - 길가장자리구역통행중,안전운전불이행,포장 - 건조,맑음,단일로 - 기타,승합,남,56세,상해없음,보행자,여,75세,경상
1041,2018061500100260,2018년 6월 15일 13시,금요일,경상북도 포항시 북구 흥해읍,경상사고,0,0,1,0,차대사람 - 기타,안전운전불이행,포장 - 건조,맑음,단일로 - 기타,승용,남,77세,상해없음,보행자,여,21세,경상
1042,2018061500100262,2018년 6월 15일 13시,금요일,경상북도 포항시 남구 송도동,중상사고,0,1,1,0,차대사람 - 길가장자리구역통행중,안전운전불이행,포장 - 건조,맑음,교차로 - 교차로안,승용,여,76세,경상,보행자,남,78세,중상
1043,2018061500100574,2018년 6월 15일 20시,금요일,경상북도 영주시 휴천동,경상사고,0,0,1,0,차대사람 - 횡단중,안전운전불이행,포장 - 건조,맑음,단일로 - 기타,승용,남,21세,상해없음,보행자,여,77세,경상
1044,2018061500100576,2018년 6월 15일 20시,금요일,경상북도 포항시 남구 이동,중상사고,0,1,0,0,차대사람 - 길가장자리구역통행중,안전운전불이행,포장 - 건조,맑음,교차로 - 교차로부근,승용,여,49세,상해없음,보행자,여,12세,중상
1045,2018061600100192,2018년 6월 16일 11시,토요일,경상북도 경산시 자인면,경상사고,0,0,1,0,차대사람 - 횡단중,안전운전불이행,포장 - 건조,맑음,단일로 - 기타,승합,남,45세,상해없음,보행자,남,68세,경상
1046,2018061600100378,2018년 6월 16일 16시,토요일,경상북도 경주시 황오동,경상사고,0,0,1,0,차대사람 - 차도통행중,안전운전불이행,포장 - 건조,맑음,단일로 - 기타,승용,남,72세,상해없음,보행자,남,52세,경상
1047,2018061600100380,2018년 6월 16일 16시,토요일,경상북도 안동시 옥야동,경상사고,0,0,1,0,차대사람 - 차도통행중,안전운전불이행,포장 - 건조,맑음,단일로 - 기타,화물,남,48세,상해없음,보행자,여,56세,경상
1048,2018061600100382,2018년 6월 16일 16시,토요일,경상북도 영주시 영주동,중상사고,0,1,0,0,차대사람 - 횡단중,보행자보호의무위반,포장 - 건조,맑음,단일로 - 기타,화물,남,61세,상해없음,보행자,여,10세,중상
1049,2018061600100383,2018년 6월 16일 16시,토요일,경상북도 칠곡군 석적읍,경상사고,0,0,1,0,차대사람 - 길가장자리구역통행중,안전운전불이행,포장 - 건조,맑음,단일로 - 지하차도(도로)내,승용,남,31세,상해없음,보행자,남,90세 이상,경상
1050,2018061600100422,2018년 6월 16일 17시,토요일,경상북도 상주시 성동동,중상사고,0,1,0,0,차대사람 - 횡단중,보행자보호의무위반,포장 - 건조,맑음,교차로 - 교차로부근,승용,여,44세,상해없음,보행자,여,65세,중상
1051,2018061700100024,2018년 6월 17일 01시,일요일,경상북도 울진군 후포면,사망사고,1,0,0,0,차대사람 - 차도통행중,안전운전불이행,포장 - 건조,맑음,단일로 - 기타,승용,여,46세,상해없음,보행자,남,59세,사망
1052,2018061700100321,2018년 6월 17일 17시,일요일,경상북도 예천군 예천읍,경상사고,0,0,1,0,차대사람 - 횡단중,안전운전불이행,포장 - 건조,맑음,교차로 - 교차로안,승용,여,29세,상해없음,보행자,남,3세,경상
1053,2018061700100383,2018년 6월 17일 19시,일요일,경상북도 포항시 북구 흥해읍,중상사고,0,1,0,0,차대사람 - 기타,중앙선침범,포장 - 건조,맑음,단일로 - 기타,승용,남,22세,상해없음,보행자,여,11세,중상
1054,2018061700100385,2018년 6월 17일 19시,일요일,경상북도 상주시 남성동,경상사고,0,0,1,0,차대사람 - 차도통행중,안전운전불이행,포장 - 건조,맑음,교차로 - 교차로안,승용,남,52세,상해없음,보행자,남,55세,경상
1055,2018061700100451,2018년 6월 17일 22시,일요일,경상북도 포항시 북구 흥해읍,중상사고,0,1,0,0,차대사람 - 기타,안전운전불이행,포장 - 건조,맑음,단일로 - 기타,승용,여,41세,상해없음,보행자,남,42세,중상
1056,2018061700100452,2018년 6월 17일 22시,일요일,경상북도 경산시 자인면,중상사고,0,1,0,0,차대사람 - 횡단중,안전운전불이행,포장 - 건조,맑음,단일로 - 기타,승용,여,54세,상해없음,보행자,남,23세,중상
1057,2018061700100453,2018년 6월 17일 22시,일요일,경상북도 경산시 대동,경상사고,0,0,1,0,차대사람 - 기타,신호위반,포장 - 건조,맑음,교차로 - 교차로안,이륜,남,24세,상해없음,보행자,남,24세,경상
1058,2018061700100454,2018년 6월 17일 22시,일요일,경상북도 경산시 자인면,중상사고,0,1,0,0,차대사람 - 차도통행중,안전운전불이행,포장 - 건조,맑음,단일로 - 기타,승용,여,65세,상해없음,보행자,여,55세,중상
1059,2018061700100455,2018년 6월 17일 22시,일요일,경상북도 포항시 남구 오천읍,경상사고,0,0,1,0,차대사람 - 횡단중,안전운전불이행,포장 - 건조,맑음,단일로 - 기타,이륜,남,23세,기타불명,보행자,남,50세,경상
1060,2018061800100062,2018년 6월 18일 07시,월요일,경상북도 구미시 옥성면,경상사고,0,0,1,0,차대사람 - 기타,안전운전불이행,포장 - 건조,맑음,단일로 - 기타,화물,남,52세,상해없음,보행자,여,78세,경상
1061,2018061800100120,2018년 6월 18일 08시,월요일,경상북도 영주시 풍기읍,경상사고,0,0,1,0,차대사람 - 횡단중,안전운전불이행,포장 - 건조,맑음,단일로 - 기타,승용,남,80세,상해없음,보행자,남,26세,경상
1062,2018061900100076,2018년 6월 19일 07시,화요일,경상북도 구미시 사곡동,경상사고,0,0,1,0,차대사람 - 횡단중,보행자보호의무위반,포장 - 건조,흐림,교차로 - 교차로횡단보도내,승용,남,65세,상해없음,보행자,여,13세,경상
1063,2018061900100109,2018년 6월 19일 08시,화요일,경상북도 포항시 남구 대도동,중상사고,0,1,0,0,차대사람 - 횡단중,중앙선침범,포장 - 건조,맑음,단일로 - 기타,승용,남,28세,상해없음,보행자,남,77세,중상
1064,2018061900100247,2018년 6월 19일 12시,화요일,경상북도 김천시 성내동,경상사고,0,0,1,0,차대사람 - 차도통행중,안전운전불이행,포장 - 젖음/습기,비,단일로 - 기타,이륜,남,40세,경상,보행자,여,89세,상해없음
1065,2018061900100248,2018년 6월 19일 12시,화요일,경상북도 울진군 평해읍,중상사고,0,1,0,0,차대사람 - 길가장자리구역통행중,안전운전불이행,포장 - 건조,맑음,단일로 - 기타,화물,남,48세,상해없음,보행자,여,78세,중상
1066,2018061900100499,2018년 6월 19일 19시,화요일,경상북도 경주시 황성동,경상사고,0,0,1,0,차대사람 - 차도통행중,중앙선침범,포장 - 젖음/습기,비,단일로 - 기타,이륜,남,53세,상해없음,보행자,여,15세,경상
1067,2018062000100039,2018년 6월 20일 03시,수요일,경상북도 포항시 남구 상도동,경상사고,0,0,1,0,차대사람 - 기타,안전운전불이행,포장 - 건조,맑음,단일로 - 기타,승용,남,20세,상해없음,보행자,남,40세,경상
1068,2018062000100195,2018년 6월 20일 11시,수요일,경상북도 구미시 원평동,경상사고,0,0,1,0,차대사람 - 차도통행중,안전운전불이행,포장 - 건조,맑음,교차로 - 교차로안,승용,여,50세,상해없음,보행자,여,46세,경상
1069,2018062000100323,2018년 6월 20일 15시,수요일,경상북도 영덕군 창수면,중상사고,0,1,0,0,차대사람 - 횡단중,안전운전불이행,포장 - 건조,맑음,단일로 - 기타,승용,남,64세,상해없음,보행자,남,63세,중상
1070,2018062000100324,2018년 6월 20일 15시,수요일,경상북도 청도군 청도읍,경상사고,0,0,1,0,차대사람 - 길가장자리구역통행중,안전운전불이행,포장 - 건조,맑음,단일로 - 기타,승용,여,42세,상해없음,보행자,여,18세,경상
1071,2018062000100361,2018년 6월 20일 16시,수요일,경상북도 김천시 평화동,경상사고,0,0,1,0,차대사람 - 길가장자리구역통행중,안전운전불이행,포장 - 건조,맑음,단일로 - 기타,이륜,남,61세,상해없음,보행자,여,76세,경상
1072,2018062000100449,2018년 6월 20일 18시,수요일,경상북도 안동시 옥야동,경상사고,0,0,1,0,차대사람 - 길가장자리구역통행중,안전운전불이행,포장 - 건조,맑음,단일로 - 기타,승합,남,47세,상해없음,보행자,남,68세,경상
1073,2018062000100514,2018년 6월 20일 20시,수요일,경상북도 구미시 원평동,경상사고,0,0,1,0,차대사람 - 기타,보행자보호의무위반,포장 - 건조,맑음,교차로 - 교차로횡단보도내,승용,여,47세,상해없음,보행자,여,52세,경상
1074,2018062000100548,2018년 6월 20일 21시,수요일,경상북도 영주시 휴천동,중상사고,0,1,0,0,차대사람 - 횡단중,안전운전불이행,포장 - 건조,맑음,교차로 - 교차로부근,화물,남,64세,기타불명,보행자,여,55세,중상
1075,2018062000100572,2018년 6월 20일 22시,수요일,경상북도 상주시 함창읍,중상사고,0,1,0,0,차대사람 - 횡단중,안전운전불이행,포장 - 건조,맑음,교차로 - 교차로안,승용,남,34세,상해없음,보행자,남,55세,중상
1076,2018062100100089,2018년 6월 21일 07시,목요일,경상북도 구미시 인의동,경상사고,0,0,1,0,차대사람 - 기타,안전운전불이행,포장 - 건조,맑음,교차로 - 교차로부근,이륜,남,26세,상해없음,보행자,여,25세,경상
1077,2018062100100120,2018년 6월 21일 08시,목요일,경상북도 칠곡군 왜관읍,경상사고,0,0,1,0,차대사람 - 횡단중,보행자보호의무위반,포장 - 건조,맑음,교차로 - 교차로횡단보도내,승용,남,49세,상해없음,보행자,여,51세,경상
1078,2018062100100122,2018년 6월 21일 08시,목요일,경상북도 경산시 백천동,중상사고,0,1,0,0,차대사람 - 횡단중,안전운전불이행,포장 - 건조,맑음,교차로 - 교차로안,승용,여,46세,상해없음,보행자,남,65세,중상
1079,2018062100100268,2018년 6월 21일 13시,목요일,경상북도 구미시 남통동,중상사고,0,1,0,0,차대사람 - 기타,안전운전불이행,포장 - 건조,맑음,단일로 - 기타,이륜,남,51세,상해없음,보행자,남,43세,중상
1080,2018062100100296,2018년 6월 21일 14시,목요일,경상북도 의성군 단촌면,경상사고,0,0,1,0,차대사람 - 차도통행중,안전운전불이행,포장 - 건조,맑음,단일로 - 기타,승용,남,52세,상해없음,보행자,남,61세,경상
1081,2018062100100432,2018년 6월 21일 17시,목요일,경상북도 영주시 장수면,중상사고,0,1,0,0,차대사람 - 기타,안전운전불이행,포장 - 건조,맑음,주차장 - 주차장,화물,남,46세,상해없음,보행자,여,46세,중상
1082,2018062100100497,2018년 6월 21일 18시,목요일,경상북도 울진군 울진읍,중상사고,0,1,0,0,차대사람 - 횡단중,보행자보호의무위반,포장 - 건조,맑음,단일로 - 기타,승용,남,35세,상해없음,보행자,여,9세,중상
1083,2018062100100559,2018년 6월 21일 20시,목요일,경상북도 경주시 동천동,경상사고,0,0,1,0,차대사람 - 길가장자리구역통행중,안전운전불이행,포장 - 건조,맑음,단일로 - 기타,승용,남,55세,상해없음,보행자,남,52세,경상
1084,2018062100100561,2018년 6월 21일 20시,목요일,경상북도 경산시 중방동,경상사고,0,0,1,0,차대사람 - 보도통행중,안전운전불이행,포장 - 건조,맑음,단일로 - 기타,승용,남,59세,상해없음,보행자,남,35세,경상
1085,2018062200100155,2018년 6월 22일 08시,금요일,경상북도 영천시 과전동,중상사고,0,1,0,0,차대사람 - 횡단중,보행자보호의무위반,포장 - 건조,맑음,교차로 - 교차로횡단보도내,승용,여,47세,상해없음,보행자,여,83세,중상
1086,2018062200100157,2018년 6월 22일 08시,금요일,경상북도 울진군 금강송면,중상사고,0,1,0,0,차대사람 - 기타,신호위반,포장 - 건조,맑음,교차로 - 교차로횡단보도내,승용,여,33세,상해없음,보행자,여,64세,중상
1087,2018062200100218,2018년 6월 22일 10시,금요일,경상북도 예천군 예천읍,경상사고,0,0,1,0,차대사람 - 기타,안전운전불이행,포장 - 건조,맑음,단일로 - 기타,화물,남,63세,상해없음,보행자,남,18세,경상
1088,2018062200100613,2018년 6월 22일 19시,금요일,경상북도 안동시 태화동,중상사고,0,1,0,0,차대사람 - 길가장자리구역통행중,안전운전불이행,포장 - 건조,맑음,단일로 - 기타,화물,남,61세,상해없음,보행자,남,5세,중상
1089,2018062200100703,2018년 6월 22일 21시,금요일,경상북도 울진군 후포면,중상사고,0,1,0,0,차대사람 - 횡단중,안전운전불이행,포장 - 건조,맑음,단일로 - 기타,승용,남,44세,상해없음,보행자,남,70세,중상
1090,2018062200100704,2018년 6월 22일 21시,금요일,경상북도 구미시 옥계동,경상사고,0,0,1,0,차대사람 - 횡단중,안전운전불이행,포장 - 건조,맑음,교차로 - 교차로안,승합,남,59세,상해없음,보행자,남,37세,경상
1091,2018062300100467,2018년 6월 23일 18시,토요일,경상북도 울릉군 울릉읍,경상사고,0,0,1,0,차대사람 - 차도통행중,안전운전불이행,포장 - 건조,맑음,단일로 - 기타,승용,남,57세,상해없음,보행자,남,67세,경상
1092,2018062400100135,2018년 6월 24일 10시,일요일,경상북도 경산시 하양읍,중상사고,0,1,0,0,차대사람 - 보도통행중,기타,포장 - 건조,맑음,단일로 - 기타,자전거,남,10세,기타불명,보행자,남,90세 이상,중상
1093,2018062400100451,2018년 6월 24일 23시,일요일,경상북도 상주시 무양동,중상사고,0,1,0,0,차대사람 - 차도통행중,안전운전불이행,포장 - 건조,맑음,교차로 - 교차로부근,승용,남,24세,상해없음,보행자,남,24세,중상
1094,2018062500100282,2018년 6월 25일 12시,월요일,경상북도 구미시 신평동,경상사고,0,0,1,0,차대사람 - 기타,안전운전불이행,포장 - 건조,맑음,단일로 - 기타,화물,남,42세,상해없음,보행자,남,7세,경상
1095,2018062500100505,2018년 6월 25일 17시,월요일,경상북도 영주시 휴천동,중상사고,0,1,0,0,차대사람 - 횡단중,안전운전불이행,포장 - 건조,맑음,단일로 - 기타,승합,남,61세,상해없음,보행자,남,12세,중상
1096,2018062600100102,2018년 6월 26일 07시,화요일,경상북도 구미시 도량동,중상사고,0,1,0,0,차대사람 - 횡단중,안전운전불이행,포장 - 젖음/습기,비,교차로 - 교차로횡단보도내,승용,남,55세,상해없음,보행자,여,79세,중상
1097,2018062600100226,2018년 6월 26일 10시,화요일,경상북도 경주시 서부동,경상사고,0,0,1,0,차대사람 - 보도통행중,기타,포장 - 건조,맑음,단일로 - 기타,승용,남,52세,상해없음,보행자,남,70세,경상
1098,2018062600100306,2018년 6월 26일 13시,화요일,경상북도 안동시 송현동,경상사고,0,0,1,0,차대사람 - 길가장자리구역통행중,안전운전불이행,포장 - 건조,맑음,단일로 - 기타,승합,남,50세,상해없음,보행자,남,79세,경상
1099,2018062600100447,2018년 6월 26일 17시,화요일,경상북도 칠곡군 약목면,경상사고,0,0,1,0,차대사람 - 기타,안전운전불이행,포장 - 건조,맑음,단일로 - 기타,특수,남,46세,상해없음,보행자,남,69세,경상
1100,2018062600100550,2018년 6월 26일 20시,화요일,경상북도 영주시 휴천동,경상사고,0,0,1,1,차대사람 - 횡단중,보행자보호의무위반,포장 - 젖음/습기,비,단일로 - 기타,이륜,남,22세,부상신고,보행자,남,47세,경상
1101,2018062600100595,2018년 6월 26일 21시,화요일,경상북도 안동시 신안동,경상사고,0,0,1,0,차대사람 - 횡단중,보행자보호의무위반,포장 - 젖음/습기,비,교차로 - 교차로횡단보도내,승용,남,58세,상해없음,보행자,여,48세,경상
1102,2018062600100645,2018년 6월 26일 23시,화요일,경상북도 구미시 옥성면,사망사고,1,0,0,0,차대사람 - 기타,안전운전불이행,포장 - 젖음/습기,비,단일로 - 기타,특수,남,29세,상해없음,보행자,여,44세,사망
1103,2018062700100039,2018년 6월 27일 03시,수요일,경상북도 구미시 진평동,경상사고,0,0,1,0,차대사람 - 횡단중,안전운전불이행,포장 - 젖음/습기,비,교차로 - 교차로안,승용,남,36세,상해없음,보행자,여,23세,경상
1104,2018062700100330,2018년 6월 27일 16시,수요일,경상북도 경주시 성건동,중상사고,0,1,0,0,차대사람 - 횡단중,안전운전불이행,포장 - 건조,맑음,교차로 - 교차로부근,이륜,남,26세,상해없음,보행자,남,27세,중상
1105,2018062700100376,2018년 6월 27일 17시,수요일,경상북도 포항시 북구 두호동,경상사고,0,0,1,0,차대사람 - 기타,안전운전불이행,포장 - 건조,맑음,단일로 - 기타,승용,남,57세,상해없음,보행자,남,14세,경상
1106,2018062700100423,2018년 6월 27일 18시,수요일,경상북도 구미시 선산읍,경상사고,0,0,1,0,차대사람 - 기타,안전운전불이행,포장 - 건조,맑음,단일로 - 기타,화물,남,71세,상해없음,보행자,남,56세,경상
1107,2018062800100048,2018년 6월 28일 03시,목요일,경상북도 포항시 북구 송라면,경상사고,0,0,1,0,차대사람 - 길가장자리구역통행중,안전운전불이행,포장 - 건조,맑음,단일로 - 기타,화물,남,51세,상해없음,보행자,남,64세,경상