,사고번호,사고일시,요일,시군구,사고내용,사망자수,중상자수,경상자수,부상신고자수,사고유형,법규위반,노면상태,기상상태,도로형태,가해운전자 차종,가해운전자 성별,가해운전자 연령,가해운전자 상해정도,피해운전자 차종,피해운전자 성별,피해운전자 연령,피해운전자 상해정도
1660,2018092800100223,2018년 9월 28일 12시,금요일,경상북도 경주시 외동읍,경상사고,0,0,1,0,차대사람 - 횡단중,보행자보호의무위반,포장 - 건조,맑음,교차로 - 교차로안,화물,남,86세,상해없음,보행자,남,24세,경상
1661,2018092800100339,2018년 9월 28일 16시,금요일,경상북도 구미시 진평동,경상사고,0,0,1,0,차대사람 - 기타,안전운전불이행,포장 - 건조,맑음,교차로 - 교차로안,이륜,남,41세,상해없음,보행자,여,14세,경상
1662,2018092800100557,2018년 9월 28일 23시,금요일,경상북도 포항시 북구 두호동,부상신고사고,0,0,0,1,차대사람 - 길가장자리구역통행중,안전운전불이행,포장 - 건조,맑음,교차로 - 교차로안,승용,남,47세,상해없음,보행자,남,31세,부상신고
1663,2018092900100049,2018년 9월 29일 02시,토요일,경상북도 안동시 옥동,중상사고,0,1,0,0,차대사람 - 차도통행중,안전운전불이행,포장 - 건조,맑음,단일로 - 기타,승용,여,25세,상해없음,보행자,여,23세,중상
1664,2018092900100050,2018년 9월 29일 02시,토요일,경상북도 구미시 원평동,중상사고,0,1,0,0,차대사람 - 횡단중,안전운전불이행,포장 - 건조,맑음,교차로 - 교차로부근,승용,여,60세,상해없음,보행자,남,39세,중상
1665,2018092900100074,2018년 9월 29일 04시,토요일,경상북도 경산시 압량면,사망사고,1,0,0,0,차대사람 - 기타,신호위반,포장 - 건조,맑음,교차로 - 교차로횡단보도내,화물,남,60세,상해없음,보행자,여,50세,사망
1666,2018092900100093,2018년 9월 29일 05시,토요일,경상북도 경산시 중방동,중상사고,0,1,0,0,차대사람 - 횡단중,안전운전불이행,포장 - 건조,맑음,교차로 - 교차로안,승용,남,32세,상해없음,보행자,여,90세 이상,중상
1667,2018092900100199,2018년 9월 29일 10시,토요일,경상북도 포항시 북구 장성동,중상사고,0,1,0,0,차대사람 - 기타,안전운전불이행,포장 - 건조,맑음,단일로 - 기타,승용,여,60세,상해없음,보행자,여,55세,중상
1668,2018092900100302,2018년 9월 29일 13시,토요일,경상북도 경산시 중방동,중상사고,0,1,1,0,차대사람 - 기타,안전운전불이행,포장 - 건조,맑음,교차로 - 교차로안,승용,여,26세,기타불명,보행자,여,53세,중상
1669,2018093000100250,2018년 9월 30일 14시,일요일,경상북도 김천시 황금동,중상사고,0,1,0,0,차대사람 - 길가장자리구역통행중,안전운전불이행,포장 - 건조,맑음,단일로 - 기타,승용,여,55세,상해없음,보행자,여,60세,중상
1670,2018093000100315,2018년 9월 30일 16시,일요일,경상북도 안동시 옥야동,부상신고사고,0,0,0,1,차대사람 - 보도통행중,안전운전불이행,포장 - 젖음/습기,비,교차로 - 교차로안,기타불명,기타불명,미분류,기타불명,보행자,여,57세,부상신고
1671,2018093000100362,2018년 9월 30일 17시,일요일,경상북도 경주시 서면,경상사고,0,0,1,0,차대사람 - 길가장자리구역통행중,안전운전불이행,포장 - 건조,맑음,교차로 - 교차로안,화물,남,79세,상해없음,보행자,남,78세,경상
1672,2018100100100211,2018년 10월 1일 11시,월요일,경상북도 상주시 서문동,중상사고,0,1,0,0,차대사람 - 길가장자리구역통행중,안전운전불이행,포장 - 건조,맑음,단일로 - 기타,승용,남,38세,상해없음,보행자,여,38세,중상
1673,2018100100100214,2018년 10월 1일 11시,월요일,경상북도 구미시 황상동,경상사고,0,0,1,0,차대사람 - 기타,신호위반,포장 - 건조,맑음,교차로 - 교차로안,승용,여,58세,상해없음,보행자,여,71세,경상
1674,2018100100100246,2018년 10월 1일 12시,월요일,경상북도 경주시 동천동,중상사고,0,1,0,0,차대사람 - 횡단중,보행자보호의무위반,포장 - 건조,맑음,교차로 - 교차로횡단보도내,승용,여,56세,상해없음,보행자,여,34세,중상
1675,2018100100100355,2018년 10월 1일 15시,월요일,경상북도 경산시 중방동,중상사고,0,1,0,0,차대사람 - 횡단중,안전운전불이행,포장 - 건조,맑음,단일로 - 기타,승용,여,51세,상해없음,보행자,남,65세,중상
1676,2018100200100049,2018년 10월 2일 05시,화요일,경상북도 영주시 영주동,중상사고,0,1,0,0,차대사람 - 보도통행중,기타,포장 - 건조,맑음,단일로 - 기타,승용,남,63세,상해없음,보행자,여,61세,중상
1677,2018100200100170,2018년 10월 2일 09시,화요일,경상북도 영덕군 영덕읍,경상사고,0,0,1,0,차대사람 - 차도통행중,안전운전불이행,포장 - 건조,맑음,단일로 - 기타,승합,남,34세,상해없음,보행자,여,77세,경상
1678,2018100200100269,2018년 10월 2일 12시,화요일,경상북도 경산시 대동,경상사고,0,0,2,0,차대사람 - 차도통행중,안전운전불이행,포장 - 건조,맑음,단일로 - 기타,승용,남,22세,상해없음,보행자,여,35세,경상
1679,2018100200100367,2018년 10월 2일 15시,화요일,경상북도 영주시 영주동,중상사고,0,1,0,0,차대사람 - 횡단중,보행자보호의무위반,포장 - 건조,맑음,단일로 - 기타,화물,남,30세,상해없음,보행자,남,69세,중상
1680,2018100200100498,2018년 10월 2일 18시,화요일,경상북도 경산시 옥산동,중상사고,0,1,0,0,차대사람 - 횡단중,안전운전불이행,포장 - 건조,맑음,교차로 - 교차로부근,승용,남,24세,상해없음,보행자,여,54세,중상
1681,2018100200100549,2018년 10월 2일 19시,화요일,경상북도 경주시 충효동,중상사고,0,1,0,0,차대사람 - 횡단중,보행자보호의무위반,포장 - 건조,맑음,단일로 - 기타,승용,여,42세,상해없음,보행자,여,69세,중상
1682,2018100300100186,2018년 10월 3일 10시,수요일,경상북도 포항시 북구 두호동,중상사고,0,1,0,0,차대사람 - 횡단중,안전운전불이행,포장 - 건조,맑음,단일로 - 기타,화물,남,63세,상해없음,보행자,여,85세,중상
1683,2018100300100271,2018년 10월 3일 13시,수요일,경상북도 포항시 북구 죽도동,부상신고사고,0,0,0,1,차대사람 - 기타,안전운전불이행,포장 - 건조,맑음,단일로 - 기타,승용,여,32세,상해없음,보행자,남,59세,부상신고
1684,2018100300100342,2018년 10월 3일 15시,수요일,경상북도 경주시 북군동,중상사고,0,1,0,0,차대사람 - 보도통행중,안전운전불이행,포장 - 건조,맑음,단일로 - 기타,자전거,남,22세,상해없음,보행자,여,55세,중상
1685,2018100300100462,2018년 10월 3일 18시,수요일,경상북도 영천시 문내동,중상사고,0,1,0,0,차대사람 - 횡단중,안전운전불이행,포장 - 건조,맑음,교차로 - 교차로횡단보도내,승용,여,61세,상해없음,보행자,여,64세,중상
1686,2018100300100498,2018년 10월 3일 19시,수요일,경상북도 안동시 옥야동,중상사고,0,1,0,0,차대사람 - 횡단중,안전운전불이행,포장 - 건조,맑음,단일로 - 기타,승용,남,36세,상해없음,보행자,여,82세,중상
1687,2018100300100544,2018년 10월 3일 21시,수요일,경상북도 경산시 진량읍,사망사고,1,0,0,0,차대사람 - 횡단중,안전운전불이행,포장 - 건조,맑음,교차로 - 교차로안,승용,남,41세,상해없음,보행자,여,60세,사망
1688,2018100400100052,2018년 10월 4일 05시,목요일,경상북도 포항시 북구 대신동,중상사고,0,1,0,0,차대사람 - 횡단중,안전운전불이행,포장 - 건조,흐림,단일로 - 기타,승용,남,70세,상해없음,보행자,남,75세,중상
1689,2018100400100064,2018년 10월 4일 06시,목요일,경상북도 영천시 청통면,중상사고,0,1,0,0,차대사람 - 횡단중,안전운전불이행,포장 - 건조,맑음,단일로 - 기타,승용,여,32세,상해없음,보행자,여,72세,중상
1690,2018100400100130,2018년 10월 4일 08시,목요일,경상북도 구미시 원평동,경상사고,0,0,1,0,차대사람 - 기타,교차로운행방법위반,포장 - 건조,맑음,교차로 - 교차로부근,승용,남,46세,상해없음,보행자,여,71세,경상
1691,2018100400100292,2018년 10월 4일 12시,목요일,경상북도 구미시 옥계동,중상사고,0,1,0,0,차대사람 - 횡단중,보행자보호의무위반,포장 - 건조,맑음,교차로 - 교차로횡단보도내,승용,여,49세,상해없음,보행자,여,13세,중상
1692,2018100400100398,2018년 10월 4일 15시,목요일,경상북도 경주시 현곡면,경상사고,0,0,1,0,차대사람 - 횡단중,신호위반,포장 - 건조,맑음,교차로 - 교차로횡단보도내,승용,여,56세,상해없음,보행자,남,7세,경상
1693,2018100400100624,2018년 10월 4일 20시,목요일,경상북도 경산시 조영동,경상사고,0,0,1,0,차대사람 - 기타,안전운전불이행,포장 - 건조,맑음,단일로 - 기타,승용,남,61세,상해없음,보행자,여,39세,경상
1694,2018100400100689,2018년 10월 4일 22시,목요일,경상북도 포항시 남구 오천읍,경상사고,0,0,1,0,차대사람 - 횡단중,신호위반,포장 - 건조,맑음,교차로 - 교차로안,승용,남,65세,상해없음,보행자,여,64세,경상
1695,2018100500100366,2018년 10월 5일 14시,금요일,경상북도 포항시 북구 죽도동,경상사고,0,0,1,0,차대사람 - 기타,안전운전불이행,포장 - 젖음/습기,비,단일로 - 기타,승용,남,68세,상해없음,보행자,남,68세,경상
1696,2018100500100428,2018년 10월 5일 15시,금요일,경상북도 경산시 상방동,중상사고,0,1,0,0,차대사람 - 기타,기타,포장 - 건조,맑음,교차로 - 교차로부근,화물,남,61세,상해없음,보행자,남,71세,중상
1697,2018100500100466,2018년 10월 5일 16시,금요일,경상북도 포항시 남구 해도동,경상사고,0,0,1,0,차대사람 - 길가장자리구역통행중,안전운전불이행,포장 - 건조,맑음,교차로 - 교차로부근,화물,남,53세,상해없음,보행자,여,25세,경상
1698,2018100500100588,2018년 10월 5일 18시,금요일,경상북도 김천시 개령면,부상신고사고,0,0,0,1,차대사람 - 차도통행중,안전운전불이행,포장 - 젖음/습기,비,단일로 - 기타,승용,여,49세,상해없음,보행자,여,55세,부상신고
1699,2018100500100589,2018년 10월 5일 18시,금요일,경상북도 문경시 흥덕동,중상사고,0,1,0,0,차대사람 - 횡단중,안전운전불이행,포장 - 젖음/습기,맑음,단일로 - 기타,이륜,남,36세,상해없음,보행자,여,89세,중상
1700,2018100500100590,2018년 10월 5일 18시,금요일,경상북도 경산시 중방동,경상사고,0,0,1,0,차대사람 - 횡단중,보행자보호의무위반,포장 - 젖음/습기,비,교차로 - 교차로부근,화물,여,40세,상해없음,보행자,여,30세,경상
1701,2018100500100733,2018년 10월 5일 20시,금요일,경상북도 경산시 진량읍,경상사고,0,0,1,0,차대사람 - 횡단중,안전운전불이행,포장 - 젖음/습기,흐림,단일로 - 기타,승용,남,42세,상해없음,보행자,남,53세,경상
1702,2018100500100735,2018년 10월 5일 20시,금요일,경상북도 구미시 형곡동,중상사고,0,1,0,0,차대사람 - 횡단중,안전운전불이행,포장 - 젖음/습기,비,교차로 - 교차로안,이륜,남,24세,상해없음,보행자,여,53세,중상
1703,2018100600100121,2018년 10월 6일 03시,토요일,경상북도 경산시 옥산동,부상신고사고,0,0,0,1,차대사람 - 차도통행중,안전운전불이행,포장 - 젖음/습기,비,교차로 - 교차로안,승용,남,25세,상해없음,보행자,남,24세,부상신고
1704,2018100600100332,2018년 10월 6일 12시,토요일,경상북도 예천군 보문면,중상사고,0,1,0,0,차대사람 - 기타,기타,포장 - 건조,맑음,교차로 - 교차로부근,승용,남,64세,상해없음,보행자,여,58세,중상
1705,2018100600100455,2018년 10월 6일 16시,토요일,경상북도 예천군 예천읍,중상사고,0,1,0,0,차대사람 - 횡단중,안전운전불이행,포장 - 건조,맑음,단일로 - 기타,승용,여,57세,상해없음,보행자,남,9세,중상
1706,2018100600100482,2018년 10월 6일 17시,토요일,경상북도 포항시 북구 청하면,중상사고,0,1,0,0,차대사람 - 길가장자리구역통행중,안전운전불이행,포장 - 건조,맑음,단일로 - 기타,승용,남,29세,상해없음,보행자,여,76세,중상
1707,2018100600100615,2018년 10월 6일 21시,토요일,경상북도 경산시 백천동,경상사고,0,0,1,0,차대사람 - 기타,안전운전불이행,포장 - 건조,맑음,단일로 - 기타,기타불명,기타불명,미분류,기타불명,보행자,여,49세,경상
1708,2018100600100653,2018년 10월 6일 23시,토요일,경상북도 경주시 성건동,경상사고,0,0,2,0,차대사람 - 길가장자리구역통행중,안전운전불이행,포장 - 건조,맑음,교차로 - 교차로안,승용,남,27세,상해없음,보행자,여,7세,경상
1709,2018100700100046,2018년 10월 7일 02시,일요일,경상북도 포항시 남구 오천읍,중상사고,0,1,0,0,차대사람 - 기타,안전운전불이행,포장 - 건조,맑음,단일로 - 기타,기타불명,기타불명,미분류,기타불명,보행자,남,50세,중상
1710,2018100700100079,2018년 10월 7일 05시,일요일,경상북도 포항시 북구 죽도동,중상사고,0,1,0,0,차대사람 - 기타,안전운전불이행,포장 - 건조,맑음,단일로 - 기타,승용,여,54세,상해없음,보행자,남,23세,중상
1711,2018100700100096,2018년 10월 7일 06시,일요일,경상북도 김천시 아포읍,중상사고,0,1,1,0,차대사람 - 길가장자리구역통행중,안전운전불이행,포장 - 건조,맑음,단일로 - 기타,승용,남,42세,상해없음,보행자,남,70세,경상
1712,2018100700100229,2018년 10월 7일 12시,일요일,경상북도 경산시 상방동,경상사고,0,0,1,0,차대사람 - 횡단중,보행자보호의무위반,포장 - 건조,맑음,교차로 - 교차로안,승용,남,31세,상해없음,보행자,남,54세,경상
1713,2018100700100318,2018년 10월 7일 15시,일요일,경상북도 경주시 감포읍,중상사고,0,1,0,0,차대사람 - 횡단중,보행자보호의무위반,포장 - 건조,맑음,단일로 - 기타,승용,남,78세,상해없음,보행자,여,27세,중상
1714,2018100700100320,2018년 10월 7일 15시,일요일,경상북도 상주시 낙양동,중상사고,0,1,0,0,차대사람 - 기타,중앙선침범,포장 - 건조,맑음,단일로 - 기타,화물,남,53세,상해없음,보행자,여,60세,중상
1715,2018100700100537,2018년 10월 7일 21시,일요일,경상북도 경산시 진량읍,경상사고,0,0,1,0,차대사람 - 보도통행중,기타,포장 - 건조,맑음,기타 - 기타,승용,남,58세,상해없음,보행자,여,46세,경상
1716,2018100700100562,2018년 10월 7일 22시,일요일,경상북도 포항시 남구 대도동,사망사고,1,0,0,0,차대사람 - 횡단중,안전운전불이행,포장 - 건조,맑음,단일로 - 기타,승용,남,62세,상해없음,보행자,남,61세,사망
1717,2018100800100022,2018년 10월 8일 02시,월요일,경상북도 포항시 남구 해도동,중상사고,0,1,0,0,차대사람 - 횡단중,신호위반,포장 - 건조,맑음,교차로 - 교차로횡단보도내,승용,여,59세,상해없음,보행자,여,54세,중상
1718,2018100800100188,2018년 10월 8일 10시,월요일,경상북도 상주시 화서면,사망사고,1,0,0,0,차대사람 - 횡단중,안전운전불이행,포장 - 건조,맑음,단일로 - 기타,승용,남,70세,상해없음,보행자,여,77세,사망
1719,2018100800100190,2018년 10월 8일 10시,월요일,경상북도 고령군 대가야읍,중상사고,0,1,0,0,차대사람 - 길가장자리구역통행중,안전운전불이행,포장 - 건조,맑음,단일로 - 기타,건설기계,남,45세,상해없음,보행자,여,82세,중상
1720,2018100800100229,2018년 10월 8일 11시,월요일,경상북도 김천시 감호동,중상사고,0,1,0,0,차대사람 - 횡단중,신호위반,포장 - 건조,맑음,교차로 - 교차로횡단보도내,승용,남,63세,상해없음,보행자,남,7세,중상
1721,2018100800100294,2018년 10월 8일 13시,월요일,경상북도 경주시 황남동,경상사고,0,0,1,0,차대사람 - 길가장자리구역통행중,안전운전불이행,포장 - 건조,맑음,단일로 - 기타,승용,남,31세,상해없음,보행자,남,33세,경상
1722,2018100800100297,2018년 10월 8일 13시,월요일,경상북도 영덕군 영덕읍,중상사고,0,1,0,0,차대사람 - 횡단중,안전운전불이행,포장 - 건조,맑음,교차로 - 교차로안,승용,남,70세,상해없음,보행자,여,76세,중상
1723,2018100800100370,2018년 10월 8일 15시,월요일,경상북도 포항시 북구 대흥동,중상사고,0,1,0,0,차대사람 - 횡단중,안전운전불이행,포장 - 건조,맑음,교차로 - 교차로안,승용,남,37세,상해없음,보행자,여,78세,중상
1724,2018100800100459,2018년 10월 8일 17시,월요일,경상북도 경주시 안강읍,중상사고,0,1,0,0,차대사람 - 기타,기타,포장 - 건조,맑음,교차로 - 교차로부근,승용,남,74세,상해없음,보행자,여,83세,중상
1725,2018100800100581,2018년 10월 8일 20시,월요일,경상북도 칠곡군 석적읍,중상사고,0,1,0,0,차대사람 - 횡단중,보행자보호의무위반,포장 - 건조,맑음,교차로 - 교차로횡단보도내,승용,남,37세,상해없음,보행자,여,18세,중상
1726,2018100800100611,2018년 10월 8일 21시,월요일,경상북도 구미시 고아읍,경상사고,0,0,1,0,차대사람 - 기타,보행자보호의무위반,포장 - 건조,맑음,교차로 - 교차로횡단보도내,승용,여,39세,상해없음,보행자,남,46세,경상
1727,2018100800100633,2018년 10월 8일 22시,월요일,경상북도 구미시 인의동,경상사고,0,0,1,0,차대사람 - 보도통행중,안전운전불이행,포장 - 건조,맑음,단일로 - 기타,기타불명,기타불명,미분류,기타불명,보행자,남,23세,경상
1728,2018100800100669,2018년 10월 8일 23시,월요일,경상북도 구미시 옥계동,사망사고,1,0,0,0,차대사람 - 횡단중,과속,포장 - 건조,맑음,단일로 - 기타,승용,남,42세,상해없음,보행자,남,75세,사망
1729,2018100900100386,2018년 10월 9일 18시,화요일,경상북도 영천시 오미동,경상사고,0,0,1,0,차대사람 - 차도통행중,안전운전불이행,포장 - 건조,맑음,단일로 - 기타,승용,여,30세,상해없음,보행자,여,58세,경상
1730,2018100900100478,2018년 10월 9일 21시,화요일,경상북도 김천시 개령면,사망사고,1,0,0,0,차대사람 - 차도통행중,안전거리미확보,포장 - 건조,맑음,단일로 - 기타,승용,남,57세,상해없음,보행자,남,51세,사망
1731,2018101000100220,2018년 10월 10일 12시,수요일,경상북도 포항시 북구 죽도동,중상사고,0,1,2,0,차대사람 - 횡단중,보행자보호의무위반,포장 - 건조,맑음,단일로 - 기타,승용,남,60세,상해없음,보행자,남,79세,중상
1732,2018101000100246,2018년 10월 10일 13시,수요일,경상북도 포항시 북구 대흥동,사망사고,1,0,0,0,차대사람 - 횡단중,안전운전불이행,포장 - 건조,맑음,단일로 - 기타,원동기,남,23세,상해없음,보행자,여,81세,사망
1733,2018101000100247,2018년 10월 10일 13시,수요일,경상북도 안동시 법흥동,사망사고,1,0,0,0,차대사람 - 차도통행중,안전운전불이행,포장 - 건조,맑음,교차로 - 교차로안,승용,남,42세,상해없음,보행자,여,75세,사망
1734,2018101000100248,2018년 10월 10일 13시,수요일,경상북도 경산시 정평동,경상사고,0,0,1,0,차대사람 - 횡단중,신호위반,포장 - 건조,맑음,교차로 - 교차로횡단보도내,이륜,남,22세,상해없음,보행자,남,8세,경상
1735,2018101000100249,2018년 10월 10일 13시,수요일,경상북도 봉화군 봉화읍,중상사고,0,1,0,0,차대사람 - 횡단중,보행자보호의무위반,포장 - 건조,맑음,교차로 - 교차로횡단보도내,승용,여,53세,상해없음,보행자,여,17세,중상
1736,2018101000100251,2018년 10월 10일 13시,수요일,경상북도 포항시 남구 오천읍,경상사고,0,0,1,0,차대사람 - 기타,안전운전불이행,포장 - 건조,맑음,단일로 - 기타,승용,여,36세,상해없음,보행자,여,47세,경상
1737,2018101000100274,2018년 10월 10일 14시,수요일,경상북도 경주시 외동읍,중상사고,0,1,0,0,차대사람 - 횡단중,안전운전불이행,포장 - 건조,맑음,교차로 - 교차로부근,승용,여,60세,상해없음,보행자,여,83세,중상
1738,2018101000100278,2018년 10월 10일 14시,수요일,경상북도 영천시 화남면,경상사고,0,0,1,0,차대사람 - 횡단중,안전운전불이행,포장 - 건조,맑음,단일로 - 기타,화물,남,47세,상해없음,보행자,여,57세,경상
1739,2018101000100370,2018년 10월 10일 17시,수요일,경상북도 안동시 옥동,경상사고,0,0,1,0,차대사람 - 횡단중,보행자보호의무위반,포장 - 건조,맑음,단일로 - 기타,승용,남,46세,상해없음,보행자,남,13세,경상
1740,2018101000100435,2018년 10월 10일 18시,수요일,경상북도 문경시 우지동,중상사고,0,1,0,0,차대사람 - 차도통행중,안전운전불이행,포장 - 건조,맑음,교차로 - 교차로부근,승용,여,49세,상해없음,보행자,여,86세,중상
1741,2018101000100436,2018년 10월 10일 18시,수요일,경상북도 군위군 고로면,경상사고,0,0,1,0,차대사람 - 기타,안전운전불이행,포장 - 건조,맑음,단일로 - 기타,승용,여,59세,상해없음,보행자,남,58세,경상
1742,2018101000100437,2018년 10월 10일 18시,수요일,경상북도 구미시 구평동,경상사고,0,0,1,0,차대사람 - 기타,안전운전불이행,포장 - 건조,맑음,교차로 - 교차로부근,승용,남,39세,상해없음,보행자,남,15세,경상
1743,2018101000100471,2018년 10월 10일 19시,수요일,경상북도 경주시 충효동,경상사고,0,0,1,0,차대사람 - 횡단중,안전운전불이행,포장 - 건조,맑음,교차로 - 교차로부근,승용,남,64세,상해없음,보행자,남,33세,경상
1744,2018101100100019,2018년 10월 11일 01시,목요일,경상북도 구미시 황상동,경상사고,0,0,1,0,차대사람 - 차도통행중,안전운전불이행,포장 - 건조,맑음,단일로 - 기타,승용,남,36세,상해없음,보행자,남,48세,경상
1745,2018101100100054,2018년 10월 11일 06시,목요일,경상북도 구미시 공단동,경상사고,0,0,1,0,차대사람 - 기타,안전운전불이행,포장 - 건조,맑음,기타 - 기타,승용,남,55세,상해없음,보행자,여,19세,경상
1746,2018101100100298,2018년 10월 11일 14시,목요일,경상북도 구미시 인의동,경상사고,0,0,1,0,차대사람 - 횡단중,신호위반,포장 - 건조,맑음,교차로 - 교차로안,이륜,남,18세,상해없음,보행자,여,6세,경상
1747,2018101100100332,2018년 10월 11일 15시,목요일,경상북도 경주시 황오동,중상사고,0,1,0,0,차대사람 - 길가장자리구역통행중,안전운전불이행,포장 - 건조,맑음,단일로 - 지하차도(도로)내,승용,여,39세,상해없음,보행자,남,56세,중상
1748,2018101100100370,2018년 10월 11일 16시,목요일,경상북도 안동시 길안면,경상사고,0,0,1,0,차대사람 - 횡단중,안전운전불이행,포장 - 건조,맑음,단일로 - 기타,화물,남,44세,상해없음,보행자,여,90세 이상,경상
1749,2018101100100472,2018년 10월 11일 18시,목요일,경상북도 칠곡군 동명면,중상사고,0,1,0,0,차대사람 - 횡단중,보행자보호의무위반,포장 - 건조,맑음,단일로 - 기타,승용,남,59세,상해없음,보행자,남,77세,중상
1750,2018101100100544,2018년 10월 11일 20시,목요일,경상북도 경산시 중산동,경상사고,0,0,1,0,차대사람 - 횡단중,안전운전불이행,포장 - 건조,맑음,교차로 - 교차로횡단보도내,승용,남,48세,상해없음,보행자,남,77세,경상
1751,2018101200100066,2018년 10월 12일 06시,금요일,경상북도 포항시 북구 죽도동,중상사고,0,1,0,0,차대사람 - 횡단중,신호위반,포장 - 건조,맑음,단일로 - 기타,승용,남,63세,상해없음,보행자,여,86세,중상
1752,2018101200100090,2018년 10월 12일 07시,금요일,경상북도 문경시 호계면,경상사고,0,0,1,0,차대사람 - 길가장자리구역통행중,안전운전불이행,포장 - 건조,맑음,교차로 - 교차로부근,화물,남,50세,상해없음,보행자,여,39세,경상
1753,2018101200100269,2018년 10월 12일 12시,금요일,경상북도 포항시 북구 흥해읍,경상사고,0,0,1,0,차대사람 - 기타,안전운전불이행,포장 - 건조,맑음,단일로 - 기타,승용,여,29세,상해없음,보행자,여,45세,경상
1754,2018101200100271,2018년 10월 12일 12시,금요일,경상북도 울진군 매화면,중상사고,0,1,0,0,차대사람 - 보도통행중,안전운전불이행,포장 - 건조,맑음,단일로 - 기타,화물,남,67세,상해없음,보행자,여,79세,중상
1755,2018101200100307,2018년 10월 12일 13시,금요일,경상북도 상주시 신봉동,중상사고,0,1,0,0,차대사람 - 횡단중,신호위반,포장 - 건조,맑음,교차로 - 교차로횡단보도내,이륜,여,73세,상해없음,보행자,여,67세,중상
1756,2018101200100390,2018년 10월 12일 15시,금요일,경상북도 경산시 사동,경상사고,0,0,1,0,차대사람 - 횡단중,보행자보호의무위반,포장 - 건조,맑음,교차로 - 교차로안,승용,여,48세,상해없음,보행자,여,10세,경상
1757,2018101200100485,2018년 10월 12일 17시,금요일,경상북도 영천시 망정동,경상사고,0,0,1,0,차대사람 - 기타,기타,포장 - 건조,맑음,교차로 - 교차로부근,승합,남,47세,상해없음,보행자,여,60세,경상
1758,2018101200100533,2018년 10월 12일 18시,금요일,경상북도 영주시 영주동,경상사고,0,0,1,0,차대사람 - 기타,안전운전불이행,포장 - 건조,맑음,단일로 - 기타,승용,남,46세,상해없음,보행자,남,57세,경상
1759,2018101200100592,2018년 10월 12일 19시,금요일,경상북도 영주시 휴천동,중상사고,0,1,0,0,차대사람 - 차도통행중,보행자보호의무위반,포장 - 건조,맑음,단일로 - 기타,승용,남,55세,상해없음,보행자,여,70세,중상
1760,2018101200100715,2018년 10월 12일 23시,금요일,경상북도 경산시 옥곡동,경상사고,0,0,1,0,차대사람 - 횡단중,안전운전불이행,포장 - 건조,맑음,교차로 - 교차로횡단보도내,기타불명,기타불명,미분류,기타불명,보행자,남,43세,경상
1761,2018101300100096,2018년 10월 13일 06시,토요일,경상북도 안동시 서후면,경상사고,0,0,1,0,차대사람 - 길가장자리구역통행중,보행자보호의무위반,포장 - 건조,맑음,교차로 - 교차로부근,승용,남,61세,상해없음,보행자,여,66세,경상
1762,2018101300100097,2018년 10월 13일 06시,토요일,경상북도 경산시 사정동,사망사고,1,0,0,0,차대사람 - 횡단중,과속,포장 - 건조,맑음,교차로 - 교차로횡단보도내,승용,여,34세,상해없음,보행자,여,70세,사망
1763,2018101300100164,2018년 10월 13일 09시,토요일,경상북도 포항시 북구 학잠동,경상사고,0,0,1,0,차대사람 - 횡단중,안전운전불이행,포장 - 건조,맑음,단일로 - 기타,승용,남,68세,상해없음,보행자,여,59세,경상
1764,2018101300100165,2018년 10월 13일 09시,토요일,경상북도 포항시 북구 죽도동,경상사고,0,0,1,0,차대사람 - 보도통행중,안전운전불이행,포장 - 건조,맑음,단일로 - 기타,승용,여,63세,상해없음,보행자,여,75세,경상
1765,2018101300100241,2018년 10월 13일 11시,토요일,경상북도 영주시 적서동,경상사고,0,0,1,0,차대사람 - 기타,안전운전불이행,포장 - 건조,맑음,주차장 - 주차장,특수,남,45세,상해없음,보행자,남,44세,경상
1766,2018101300100242,2018년 10월 13일 11시,토요일,경상북도 구미시 광평동,경상사고,0,0,1,0,차대사람 - 기타,안전운전불이행,포장 - 건조,맑음,단일로 - 기타,승용,남,64세,상해없음,보행자,남,18세,경상
1767,2018101300100313,2018년 10월 13일 13시,토요일,경상북도 의성군 의성읍,중상사고,0,1,0,0,차대사람 - 횡단중,신호위반,포장 - 건조,맑음,교차로 - 교차로안,승용,남,56세,상해없음,보행자,여,57세,중상
1768,2018101300100519,2018년 10월 13일 19시,토요일,경상북도 안동시 와룡면,중상사고,0,1,0,0,차대사람 - 횡단중,안전운전불이행,포장 - 건조,맑음,단일로 - 기타,화물,남,71세,상해없음,보행자,남,59세,중상