,사고번호,사고일시,요일,시군구,사고내용,사망자수,중상자수,경상자수,부상신고자수,사고유형,법규위반,노면상태,기상상태,도로형태,가해운전자 차종,가해운전자 성별,가해운전자 연령,가해운전자 상해정도,피해운전자 차종,피해운전자 성별,피해운전자 연령,피해운전자 상해정도
1769,2018101300100606,2018년 10월 13일 22시,토요일,경상북도 구미시 원평동,경상사고,0,0,1,0,차대사람 - 기타,안전운전불이행,포장 - 건조,맑음,단일로 - 기타,이륜,남,26세,상해없음,보행자,남,23세,경상
1770,2018101400100054,2018년 10월 14일 04시,일요일,경상북도 구미시 인의동,중상사고,0,2,1,0,차대사람 - 횡단중,안전운전불이행,포장 - 건조,맑음,단일로 - 기타,승용,남,26세,상해없음,보행자,남,24세,중상
1771,2018101400100100,2018년 10월 14일 08시,일요일,경상북도 포항시 남구 효자동,사망사고,1,0,1,0,차대사람 - 횡단중,신호위반,포장 - 건조,맑음,교차로 - 교차로안,승용,여,51세,상해없음,보행자,여,3세,사망
1772,2018101400100171,2018년 10월 14일 12시,일요일,경상북도 예천군 예천읍,경상사고,0,0,1,0,차대사람 - 기타,안전운전불이행,포장 - 건조,맑음,교차로 - 교차로부근,이륜,남,76세,기타불명,보행자,여,46세,경상
1773,2018101400100355,2018년 10월 14일 18시,일요일,경상북도 구미시 봉곡동,중상사고,0,1,0,0,차대사람 - 기타,안전운전불이행,포장 - 건조,맑음,단일로 - 기타,승용,남,39세,상해없음,보행자,여,57세,중상
1774,2018101400100453,2018년 10월 14일 22시,일요일,경상북도 김천시 율곡동,중상사고,0,1,0,0,차대사람 - 횡단중,신호위반,포장 - 건조,맑음,교차로 - 교차로안,승용,남,58세,상해없음,보행자,남,30세,중상
1775,2018101500100017,2018년 10월 15일 02시,월요일,경상북도 안동시 옥동,경상사고,0,0,1,0,차대사람 - 차도통행중,안전운전불이행,포장 - 건조,맑음,단일로 - 기타,승용,남,21세,기타불명,보행자,남,35세,경상
1776,2018101500100032,2018년 10월 15일 05시,월요일,경상북도 포항시 북구 두호동,중상사고,0,1,0,0,차대사람 - 횡단중,안전운전불이행,포장 - 건조,맑음,교차로 - 교차로안,화물,남,39세,상해없음,보행자,여,77세,중상
1777,2018101500100198,2018년 10월 15일 11시,월요일,경상북도 구미시 옥성면,중상사고,0,2,0,0,차대사람 - 보도통행중,안전운전불이행,포장 - 건조,맑음,기타 - 기타,승용,남,30세,상해없음,보행자,여,82세,중상
1778,2018101500100220,2018년 10월 15일 12시,월요일,경상북도 포항시 북구 남빈동,경상사고,0,0,1,0,차대사람 - 기타,안전운전불이행,포장 - 건조,맑음,단일로 - 기타,승용,여,68세,상해없음,보행자,여,73세,경상
1779,2018101500100247,2018년 10월 15일 13시,월요일,경상북도 영주시 휴천동,중상사고,0,1,0,0,차대사람 - 횡단중,보행자보호의무위반,포장 - 건조,맑음,교차로 - 교차로부근,화물,남,51세,상해없음,보행자,남,39세,중상
1780,2018101500100282,2018년 10월 15일 14시,월요일,경상북도 안동시 옥동,중상사고,0,1,0,0,차대사람 - 길가장자리구역통행중,안전운전불이행,포장 - 건조,맑음,단일로 - 기타,승용,여,66세,상해없음,보행자,여,61세,중상
1781,2018101500100283,2018년 10월 15일 14시,월요일,경상북도 상주시 서성동,중상사고,0,1,0,0,차대사람 - 횡단중,안전운전불이행,포장 - 건조,맑음,단일로 - 기타,이륜,남,25세,상해없음,보행자,여,73세,중상
1782,2018101500100285,2018년 10월 15일 14시,월요일,경상북도 구미시 송정동,경상사고,0,0,1,0,차대사람 - 기타,보행자보호의무위반,포장 - 건조,맑음,교차로 - 교차로부근,승용,여,63세,상해없음,보행자,여,65세,경상
1783,2018101500100355,2018년 10월 15일 16시,월요일,경상북도 경주시 건천읍,중상사고,0,1,0,0,차대사람 - 길가장자리구역통행중,안전운전불이행,포장 - 건조,맑음,단일로 - 기타,승용,여,47세,상해없음,보행자,남,76세,중상
1784,2018101500100436,2018년 10월 15일 18시,월요일,경상북도 경산시 중방동,경상사고,0,0,1,0,차대사람 - 횡단중,보행자보호의무위반,포장 - 건조,맑음,단일로 - 기타,승용,여,51세,상해없음,보행자,여,18세,경상
1785,2018101600100133,2018년 10월 16일 09시,화요일,경상북도 의성군 안계면,중상사고,0,1,0,0,차대사람 - 횡단중,보행자보호의무위반,포장 - 건조,맑음,교차로 - 교차로횡단보도내,화물,남,63세,상해없음,보행자,남,80세,중상
1786,2018101600100260,2018년 10월 16일 13시,화요일,경상북도 영주시 가흥동,경상사고,0,0,1,0,차대사람 - 기타,안전운전불이행,포장 - 건조,맑음,단일로 - 기타,자전거,남,71세,상해없음,보행자,여,25세,경상
1787,2018101600100367,2018년 10월 16일 16시,화요일,경상북도 경주시 안강읍,경상사고,0,0,1,0,차대사람 - 차도통행중,안전운전불이행,포장 - 건조,맑음,단일로 - 기타,화물,남,69세,상해없음,보행자,남,16세,경상
1788,2018101600100368,2018년 10월 16일 16시,화요일,경상북도 포항시 북구 득량동,중상사고,0,1,0,0,차대사람 - 횡단중,안전운전불이행,포장 - 건조,맑음,기타 - 기타,승용,남,56세,상해없음,보행자,여,71세,중상
1789,2018101600100412,2018년 10월 16일 17시,화요일,경상북도 영주시 가흥동,중상사고,0,1,0,0,차대사람 - 횡단중,안전운전불이행,포장 - 건조,맑음,단일로 - 기타,이륜,남,49세,상해없음,보행자,여,75세,중상
1790,2018101600100461,2018년 10월 16일 18시,화요일,경상북도 경산시 백천동,경상사고,0,0,1,0,차대사람 - 차도통행중,안전운전불이행,포장 - 건조,맑음,교차로 - 교차로부근,화물,남,33세,상해없음,보행자,남,24세,경상
1791,2018101600100463,2018년 10월 16일 18시,화요일,경상북도 청도군 청도읍,경상사고,0,0,1,0,차대사람 - 차도통행중,안전운전불이행,포장 - 건조,맑음,단일로 - 기타,승용,남,45세,상해없음,보행자,남,77세,경상
1792,2018101600100465,2018년 10월 16일 18시,화요일,경상북도 구미시 봉곡동,경상사고,0,0,1,0,차대사람 - 횡단중,보행자보호의무위반,포장 - 건조,맑음,교차로 - 교차로부근,승용,여,46세,상해없음,보행자,여,59세,경상
1793,2018101600100550,2018년 10월 16일 20시,화요일,경상북도 영양군 영양읍,경상사고,0,0,2,0,차대사람 - 횡단중,안전운전불이행,포장 - 건조,맑음,단일로 - 기타,승용,여,36세,상해없음,보행자,남,50세,경상
1794,2018101700100067,2018년 10월 17일 07시,수요일,경상북도 포항시 북구 학산동,중상사고,0,1,0,0,차대사람 - 횡단중,안전운전불이행,포장 - 건조,맑음,단일로 - 기타,승합,남,37세,상해없음,보행자,여,66세,중상
1795,2018101700100149,2018년 10월 17일 09시,수요일,경상북도 김천시 대덕면,중상사고,0,1,0,0,차대사람 - 길가장자리구역통행중,기타,포장 - 건조,맑음,단일로 - 기타,화물,남,51세,상해없음,보행자,남,72세,중상
1796,2018101700100152,2018년 10월 17일 09시,수요일,경상북도 봉화군 봉화읍,중상사고,0,1,0,0,차대사람 - 기타,안전운전불이행,포장 - 건조,맑음,단일로 - 기타,화물,남,39세,상해없음,보행자,여,80세,중상
1797,2018101700100285,2018년 10월 17일 13시,수요일,경상북도 칠곡군 북삼읍,부상신고사고,0,0,0,1,차대사람 - 길가장자리구역통행중,안전운전불이행,포장 - 건조,맑음,단일로 - 기타,기타불명,기타불명,미분류,기타불명,보행자,여,65세,부상신고
1798,2018101700100334,2018년 10월 17일 14시,수요일,경상북도 포항시 남구 대잠동,부상신고사고,0,0,0,1,차대사람 - 기타,안전운전불이행,포장 - 건조,맑음,교차로 - 교차로안,기타불명,기타불명,미분류,기타불명,보행자,여,36세,부상신고
1799,2018101700100374,2018년 10월 17일 15시,수요일,경상북도 경주시 안강읍,경상사고,0,0,1,0,차대사람 - 길가장자리구역통행중,안전운전불이행,포장 - 건조,맑음,교차로 - 교차로안,화물,남,50세,상해없음,보행자,남,28세,경상
1800,2018101700100376,2018년 10월 17일 15시,수요일,경상북도 구미시 고아읍,중상사고,0,1,0,0,차대사람 - 기타,보행자보호의무위반,포장 - 건조,맑음,교차로 - 교차로안,승용,여,35세,상해없음,보행자,여,62세,중상
1801,2018101700100422,2018년 10월 17일 16시,수요일,경상북도 포항시 북구 득량동,경상사고,0,0,1,0,차대사람 - 횡단중,보행자보호의무위반,포장 - 건조,맑음,교차로 - 교차로횡단보도내,승용,여,41세,상해없음,보행자,남,11세,경상
1802,2018101700100524,2018년 10월 17일 18시,수요일,경상북도 안동시 남문동,경상사고,0,0,1,0,차대사람 - 횡단중,보행자보호의무위반,포장 - 건조,맑음,교차로 - 교차로횡단보도내,승용,남,32세,상해없음,보행자,여,72세,경상
1803,2018101700100559,2018년 10월 17일 19시,수요일,경상북도 경산시 옥산동,경상사고,0,0,1,0,차대사람 - 횡단중,보행자보호의무위반,포장 - 건조,맑음,단일로 - 기타,승용,남,76세,상해없음,보행자,남,46세,경상
1804,2018101700100561,2018년 10월 17일 19시,수요일,경상북도 고령군 다산면,중상사고,0,1,0,0,차대사람 - 차도통행중,안전운전불이행,포장 - 건조,맑음,단일로 - 기타,승용,남,56세,상해없음,보행자,여,77세,중상
1805,2018101700100562,2018년 10월 17일 19시,수요일,경상북도 고령군 대가야읍,사망사고,1,0,0,0,차대사람 - 횡단중,안전운전불이행,포장 - 건조,맑음,단일로 - 기타,승용,남,36세,상해없음,보행자,남,46세,사망
1806,2018101700100596,2018년 10월 17일 20시,수요일,경상북도 김천시 감문면,사망사고,1,0,0,0,차대사람 - 차도통행중,안전운전불이행,포장 - 건조,기타,단일로 - 기타,승용,여,59세,상해없음,보행자,남,62세,사망
1807,2018101700100623,2018년 10월 17일 21시,수요일,경상북도 구미시 원평동,중상사고,0,1,0,0,차대사람 - 기타,안전운전불이행,포장 - 건조,맑음,교차로 - 교차로안,승용,남,42세,상해없음,보행자,남,37세,중상
1808,2018101700100650,2018년 10월 17일 22시,수요일,경상북도 구미시 인의동,경상사고,0,0,1,0,차대사람 - 기타,안전운전불이행,포장 - 건조,맑음,교차로 - 교차로안,승용,남,32세,상해없음,보행자,여,47세,경상
1809,2018101800100406,2018년 10월 18일 16시,목요일,경상북도 영천시 금호읍,중상사고,0,1,0,0,차대사람 - 차도통행중,안전운전불이행,포장 - 건조,맑음,단일로 - 기타,승용,여,33세,상해없음,보행자,여,56세,중상
1810,2018101800100498,2018년 10월 18일 18시,목요일,경상북도 안동시 목성동,중상사고,0,1,0,0,차대사람 - 횡단중,보행자보호의무위반,포장 - 젖음/습기,비,단일로 - 기타,승용,남,58세,상해없음,보행자,여,54세,중상
1811,2018101800100501,2018년 10월 18일 18시,목요일,경상북도 의성군 비안면,중상사고,0,1,0,0,차대사람 - 기타,안전운전불이행,포장 - 건조,맑음,단일로 - 기타,승용,남,40세,상해없음,보행자,남,62세,중상
1812,2018101800100633,2018년 10월 18일 21시,목요일,경상북도 김천시 감문면,중상사고,0,1,1,0,차대사람 - 보도통행중,안전운전불이행,포장 - 젖음/습기,비,단일로 - 기타,승용,남,52세,경상,보행자,남,75세,중상
1813,2018101800100672,2018년 10월 18일 22시,목요일,경상북도 경주시 외동읍,중상사고,0,1,0,0,차대사람 - 길가장자리구역통행중,안전운전불이행,포장 - 젖음/습기,비,단일로 - 기타,승용,남,38세,상해없음,보행자,남,22세,중상
1814,2018101800100673,2018년 10월 18일 22시,목요일,경상북도 포항시 북구 용흥동,경상사고,0,0,1,0,차대사람 - 횡단중,보행자보호의무위반,포장 - 건조,맑음,교차로 - 교차로안,승용,남,51세,상해없음,보행자,여,17세,경상
1815,2018101900100131,2018년 10월 19일 08시,금요일,경상북도 안동시 송현동,중상사고,0,1,0,0,차대사람 - 보도통행중,안전운전불이행,포장 - 건조,맑음,단일로 - 기타,승용,남,29세,상해없음,보행자,여,60세,중상
1816,2018101900100261,2018년 10월 19일 11시,금요일,경상북도 안동시 풍산읍,중상사고,0,1,0,0,차대사람 - 길가장자리구역통행중,안전운전불이행,포장 - 건조,맑음,단일로 - 기타,화물,남,40세,상해없음,보행자,여,83세,중상
1817,2018101900100307,2018년 10월 19일 12시,금요일,경상북도 영천시 금호읍,경상사고,0,0,1,0,차대사람 - 길가장자리구역통행중,안전운전불이행,포장 - 건조,맑음,단일로 - 기타,화물,남,67세,상해없음,보행자,여,76세,경상
1818,2018101900100309,2018년 10월 19일 12시,금요일,경상북도 고령군 쌍림면,경상사고,0,0,1,0,차대사람 - 차도통행중,안전운전불이행,포장 - 건조,맑음,단일로 - 기타,화물,남,62세,상해없음,보행자,여,73세,경상
1819,2018101900100311,2018년 10월 19일 12시,금요일,경상북도 포항시 남구 대잠동,중상사고,0,1,0,0,차대사람 - 기타,안전운전불이행,포장 - 건조,맑음,단일로 - 기타,승용,남,49세,상해없음,보행자,남,55세,중상
1820,2018101900100478,2018년 10월 19일 16시,금요일,경상북도 안동시 안흥동,중상사고,0,1,0,0,차대사람 - 보도통행중,보행자보호의무위반,포장 - 건조,맑음,단일로 - 기타,승용,여,61세,상해없음,보행자,여,63세,중상
1821,2018101900100612,2018년 10월 19일 18시,금요일,경상북도 영천시 망정동,중상사고,0,1,0,0,차대사람 - 횡단중,안전운전불이행,포장 - 건조,맑음,단일로 - 기타,승용,여,50세,상해없음,보행자,여,84세,중상
1822,2018101900100614,2018년 10월 19일 18시,금요일,경상북도 경산시 옥곡동,경상사고,0,0,1,0,차대사람 - 기타,안전운전불이행,포장 - 건조,맑음,단일로 - 기타,승용,여,41세,상해없음,보행자,여,32세,경상
1823,2018101900100616,2018년 10월 19일 18시,금요일,경상북도 포항시 남구 대도동,중상사고,0,1,0,0,차대사람 - 기타,안전운전불이행,포장 - 건조,맑음,교차로 - 교차로안,승용,여,46세,상해없음,보행자,남,59세,중상
1824,2018101900100772,2018년 10월 19일 22시,금요일,경상북도 울진군 매화면,중상사고,0,1,0,0,차대사람 - 기타,안전운전불이행,포장 - 건조,맑음,기타 - 기타,승용,남,66세,상해없음,보행자,남,54세,중상
1825,2018102000100110,2018년 10월 20일 06시,토요일,경상북도 구미시 선산읍,중상사고,0,1,0,0,차대사람 - 기타,안전운전불이행,포장 - 건조,맑음,기타 - 기타,승합,남,55세,상해없음,보행자,남,77세,중상
1826,2018102000100226,2018년 10월 20일 10시,토요일,경상북도 영주시 풍기읍,중상사고,0,1,0,0,차대사람 - 기타,안전운전불이행,포장 - 건조,맑음,교차로 - 교차로부근,승용,여,58세,상해없음,보행자,남,19세,중상
1827,2018102000100261,2018년 10월 20일 11시,토요일,경상북도 경산시 상방동,중상사고,0,1,0,0,차대사람 - 길가장자리구역통행중,안전운전불이행,포장 - 건조,맑음,단일로 - 기타,승용,남,34세,상해없음,보행자,여,50세,중상
1828,2018102000100303,2018년 10월 20일 12시,토요일,경상북도 경주시 노서동,경상사고,0,0,1,0,차대사람 - 차도통행중,안전운전불이행,포장 - 건조,맑음,단일로 - 기타,승용,여,22세,상해없음,보행자,여,21세,경상
1829,2018102000100305,2018년 10월 20일 12시,토요일,경상북도 문경시 문경읍,중상사고,0,1,0,0,차대사람 - 차도통행중,안전운전불이행,포장 - 건조,맑음,교차로 - 교차로안,승용,여,41세,상해없음,보행자,남,50세,중상
1830,2018102000100390,2018년 10월 20일 14시,토요일,경상북도 김천시 평화동,중상사고,0,1,0,0,차대사람 - 차도통행중,안전운전불이행,포장 - 건조,맑음,단일로 - 기타,승용,여,48세,상해없음,보행자,여,73세,중상
1831,2018102000100391,2018년 10월 20일 14시,토요일,경상북도 영덕군 영덕읍,사망사고,1,0,0,2,차대사람 - 기타,안전운전불이행,포장 - 건조,맑음,단일로 - 기타,이륜,남,64세,부상신고,보행자,남,90세 이상,사망
1832,2018102000100480,2018년 10월 20일 16시,토요일,경상북도 김천시 황금동,중상사고,0,1,0,0,차대사람 - 횡단중,보행자보호의무위반,포장 - 건조,맑음,단일로 - 기타,승용,남,65세,상해없음,보행자,여,68세,중상
1833,2018102000100535,2018년 10월 20일 17시,토요일,경상북도 구미시 형곡동,경상사고,0,0,1,0,차대사람 - 기타,안전운전불이행,포장 - 건조,맑음,교차로 - 교차로부근,승용,남,23세,상해없음,보행자,남,15세,경상
1834,2018102100100420,2018년 10월 21일 18시,일요일,경상북도 경산시 옥산동,경상사고,0,0,1,0,차대사람 - 횡단중,안전운전불이행,포장 - 건조,맑음,교차로 - 교차로안,이륜,남,22세,상해없음,보행자,여,55세,경상
1835,2018102100100497,2018년 10월 21일 20시,일요일,경상북도 문경시 유곡동,중상사고,0,1,0,0,차대사람 - 기타,안전운전불이행,포장 - 건조,맑음,기타 - 기타,승용,남,33세,상해없음,보행자,남,4세,중상
1836,2018102100100551,2018년 10월 21일 22시,일요일,경상북도 경주시 황성동,경상사고,0,0,1,0,차대사람 - 횡단중,안전운전불이행,포장 - 건조,맑음,교차로 - 교차로부근,이륜,남,16세,상해없음,보행자,남,66세,경상
1837,2018102200100240,2018년 10월 22일 12시,월요일,경상북도 포항시 남구 해도동,중상사고,0,1,0,0,차대사람 - 길가장자리구역통행중,교차로운행방법위반,포장 - 건조,맑음,교차로 - 교차로안,승용,여,42세,상해없음,보행자,남,61세,중상
1838,2018102200100282,2018년 10월 22일 14시,월요일,경상북도 포항시 남구 해도동,경상사고,0,0,1,0,차대사람 - 길가장자리구역통행중,안전운전불이행,포장 - 건조,맑음,교차로 - 교차로부근,기타불명,기타불명,미분류,기타불명,보행자,여,66세,경상
1839,2018102200100384,2018년 10월 22일 17시,월요일,경상북도 경주시 성건동,경상사고,0,0,1,0,차대사람 - 차도통행중,안전운전불이행,포장 - 건조,맑음,단일로 - 기타,승용,여,56세,상해없음,보행자,남,81세,경상
1840,2018102200100453,2018년 10월 22일 18시,월요일,경상북도 청도군 매전면,경상사고,0,0,1,0,차대사람 - 길가장자리구역통행중,안전운전불이행,포장 - 건조,맑음,단일로 - 기타,승용,남,77세,상해없음,보행자,여,81세,경상
1841,2018102200100507,2018년 10월 22일 19시,월요일,경상북도 영주시 봉현면,사망사고,1,0,0,0,차대사람 - 횡단중,안전운전불이행,포장 - 건조,맑음,교차로 - 교차로부근,화물,남,43세,상해없음,보행자,여,72세,사망
1842,2018102200100510,2018년 10월 22일 19시,월요일,경상북도 구미시 선기동,경상사고,0,0,1,0,차대사람 - 기타,안전운전불이행,포장 - 건조,맑음,단일로 - 기타,승용,남,49세,상해없음,보행자,여,51세,경상
1843,2018102200100587,2018년 10월 22일 23시,월요일,경상북도 구미시 송정동,중상사고,0,1,0,0,차대사람 - 차도통행중,안전운전불이행,포장 - 건조,맑음,단일로 - 기타,승용,남,33세,상해없음,보행자,여,68세,중상
1844,2018102300100055,2018년 10월 23일 06시,화요일,경상북도 경산시 백천동,사망사고,1,0,0,0,차대사람 - 횡단중,안전운전불이행,포장 - 건조,맑음,교차로 - 교차로안,승용,남,57세,상해없음,보행자,여,81세,사망
1845,2018102300100159,2018년 10월 23일 09시,화요일,경상북도 포항시 북구 죽도동,중상사고,0,1,0,0,차대사람 - 기타,기타,포장 - 건조,맑음,단일로 - 기타,화물,남,53세,상해없음,보행자,여,63세,중상
1846,2018102300100228,2018년 10월 23일 11시,화요일,경상북도 포항시 북구 중앙동,경상사고,0,0,1,0,차대사람 - 차도통행중,안전운전불이행,포장 - 건조,맑음,교차로 - 교차로안,승합,남,64세,상해없음,보행자,여,61세,경상
1847,2018102300100255,2018년 10월 23일 12시,화요일,경상북도 봉화군 춘양면,중상사고,0,1,0,0,차대사람 - 기타,안전운전불이행,포장 - 건조,맑음,주차장 - 주차장,승용,남,42세,상해없음,보행자,여,65세,중상
1848,2018102300100409,2018년 10월 23일 17시,화요일,경상북도 영주시 창진동,중상사고,0,1,0,0,차대사람 - 횡단중,중앙선침범,포장 - 건조,맑음,단일로 - 기타,화물,남,49세,상해없음,보행자,여,7세,중상
1849,2018102300100473,2018년 10월 23일 18시,화요일,경상북도 청송군 진보면,경상사고,0,0,1,0,차대사람 - 횡단중,안전운전불이행,포장 - 건조,흐림,단일로 - 기타,승용,여,61세,상해없음,보행자,남,66세,경상
1850,2018102300100553,2018년 10월 23일 20시,화요일,경상북도 경산시 진량읍,중상사고,0,1,0,0,차대사람 - 횡단중,안전운전불이행,포장 - 건조,맑음,단일로 - 기타,승용,남,55세,상해없음,보행자,여,31세,중상
1851,2018102300100599,2018년 10월 23일 22시,화요일,경상북도 칠곡군 왜관읍,경상사고,0,0,1,0,차대사람 - 보도통행중,안전운전불이행,포장 - 건조,맑음,주차장 - 주차장,승용,남,23세,상해없음,보행자,남,52세,경상
1852,2018102400100077,2018년 10월 24일 07시,수요일,경상북도 경주시 마동,사망사고,1,0,0,0,차대사람 - 차도통행중,안전운전불이행,포장 - 젖음/습기,안개,단일로 - 기타,승용,남,67세,상해없음,보행자,여,78세,사망
1853,2018102400100366,2018년 10월 24일 14시,수요일,경상북도 구미시 임수동,경상사고,0,0,1,0,차대사람 - 기타,안전운전불이행,포장 - 건조,맑음,교차로 - 교차로안,화물,남,38세,상해없음,보행자,여,59세,경상
1854,2018102400100490,2018년 10월 24일 17시,수요일,경상북도 의성군 의성읍,중상사고,0,1,0,0,차대사람 - 횡단중,안전운전불이행,포장 - 건조,맑음,단일로 - 기타,승용,남,79세,상해없음,보행자,여,75세,중상
1855,2018102400100560,2018년 10월 24일 18시,수요일,경상북도 안동시 임하면,중상사고,0,1,0,0,차대사람 - 횡단중,안전운전불이행,포장 - 건조,맑음,단일로 - 기타,승용,남,59세,상해없음,보행자,남,74세,중상
1856,2018102400100563,2018년 10월 24일 18시,수요일,경상북도 포항시 남구 상도동,중상사고,0,1,1,0,차대사람 - 횡단중,보행자보호의무위반,포장 - 건조,맑음,교차로 - 교차로횡단보도내,승용,남,59세,상해없음,보행자,여,52세,경상
1857,2018102400100613,2018년 10월 24일 19시,수요일,경상북도 포항시 북구 죽도동,중상사고,0,1,0,0,차대사람 - 횡단중,보행자보호의무위반,포장 - 건조,맑음,교차로 - 교차로횡단보도내,승용,여,27세,기타불명,보행자,여,63세,중상
1858,2018102400100614,2018년 10월 24일 19시,수요일,경상북도 영천시 망정동,중상사고,0,1,0,0,차대사람 - 횡단중,보행자보호의무위반,포장 - 건조,맑음,교차로 - 교차로횡단보도내,승용,남,28세,상해없음,보행자,여,26세,중상
1859,2018102400100615,2018년 10월 24일 19시,수요일,경상북도 포항시 남구 오천읍,중상사고,0,1,0,0,차대사람 - 횡단중,보행자보호의무위반,포장 - 건조,맑음,단일로 - 기타,승용,여,47세,상해없음,보행자,여,7세,중상
1860,2018102400100658,2018년 10월 24일 20시,수요일,경상북도 안동시 태화동,경상사고,0,0,1,0,차대사람 - 횡단중,안전운전불이행,포장 - 건조,맑음,교차로 - 교차로부근,승용,남,58세,상해없음,보행자,남,71세,경상
1861,2018102500100093,2018년 10월 25일 07시,목요일,경상북도 포항시 남구 오천읍,중상사고,0,1,0,0,차대사람 - 길가장자리구역통행중,안전운전불이행,포장 - 건조,맑음,단일로 - 기타,승용,남,62세,상해없음,보행자,남,39세,중상
1862,2018102500100141,2018년 10월 25일 08시,목요일,경상북도 영천시 화룡동,경상사고,0,0,1,0,차대사람 - 길가장자리구역통행중,안전운전불이행,포장 - 건조,맑음,교차로 - 교차로부근,화물,남,58세,상해없음,보행자,남,63세,경상
1863,2018102500100225,2018년 10월 25일 10시,목요일,경상북도 구미시 원평동,경상사고,0,0,1,0,차대사람 - 횡단중,보행자보호의무위반,포장 - 건조,맑음,기타 - 기타,승용,여,60세,상해없음,보행자,여,64세,경상
1864,2018102500100448,2018년 10월 25일 16시,목요일,경상북도 영덕군 강구면,사망사고,1,0,0,0,차대사람 - 기타,안전운전불이행,비포장 - 건조,맑음,단일로 - 기타,화물,남,61세,상해없음,보행자,여,60세,사망
1865,2018102500100552,2018년 10월 25일 18시,목요일,경상북도 포항시 북구 양덕동,중상사고,0,1,0,0,차대사람 - 횡단중,신호위반,포장 - 건조,맑음,단일로 - 기타,이륜,남,19세,상해없음,보행자,여,58세,중상
1866,2018102500100553,2018년 10월 25일 18시,목요일,경상북도 의성군 의성읍,중상사고,0,1,0,0,차대사람 - 차도통행중,안전운전불이행,포장 - 건조,맑음,단일로 - 기타,승용,남,55세,상해없음,보행자,여,58세,중상
1867,2018102500100609,2018년 10월 25일 19시,목요일,경상북도 구미시 상모동,중상사고,0,2,0,0,차대사람 - 횡단중,안전운전불이행,포장 - 건조,맑음,단일로 - 기타,이륜,남,18세,상해없음,보행자,남,42세,중상
1868,2018102500100682,2018년 10월 25일 22시,목요일,경상북도 포항시 남구 이동,경상사고,0,0,1,0,차대사람 - 횡단중,안전운전불이행,포장 - 건조,맑음,교차로 - 교차로횡단보도내,승용,여,57세,상해없음,보행자,여,22세,경상
1869,2018102600100185,2018년 10월 26일 10시,금요일,경상북도 경주시 성건동,중상사고,0,1,0,0,차대사람 - 횡단중,신호위반,포장 - 건조,맑음,교차로 - 교차로횡단보도내,승용,여,50세,상해없음,보행자,남,65세,중상
1870,2018102600100186,2018년 10월 26일 10시,금요일,경상북도 고령군 운수면,경상사고,0,0,1,0,차대사람 - 길가장자리구역통행중,안전운전불이행,포장 - 건조,맑음,단일로 - 기타,화물,남,65세,상해없음,보행자,남,61세,경상
1871,2018102600100310,2018년 10월 26일 14시,금요일,경상북도 경산시 계양동,중상사고,0,1,0,0,차대사람 - 횡단중,안전운전불이행,포장 - 젖음/습기,비,교차로 - 교차로부근,승용,여,28세,상해없음,보행자,여,79세,중상
1872,2018102600100426,2018년 10월 26일 17시,금요일,경상북도 안동시 옥동,중상사고,0,1,0,0,차대사람 - 횡단중,신호위반,포장 - 젖음/습기,비,단일로 - 기타,승용,여,66세,상해없음,보행자,여,14세,중상
1873,2018102600100481,2018년 10월 26일 18시,금요일,경상북도 포항시 북구 용흥동,경상사고,0,0,1,0,차대사람 - 횡단중,안전운전불이행,포장 - 건조,흐림,기타 - 기타,승용,여,44세,상해없음,보행자,남,41세,경상
1874,2018102600100482,2018년 10월 26일 18시,금요일,경상북도 포항시 북구 죽도동,중상사고,0,2,0,0,차대사람 - 횡단중,보행자보호의무위반,포장 - 건조,맑음,교차로 - 교차로횡단보도내,승용,남,53세,상해없음,보행자,여,61세,중상
1875,2018102600100485,2018년 10월 26일 18시,금요일,경상북도 상주시 성하동,경상사고,0,0,1,0,차대사람 - 보도통행중,보행자보호의무위반,포장 - 젖음/습기,비,교차로 - 교차로횡단보도내,승용,남,56세,상해없음,보행자,여,64세,경상
1876,2018102600100486,2018년 10월 26일 18시,금요일,경상북도 영천시 대창면,사망사고,1,0,0,0,차대사람 - 횡단중,안전운전불이행,포장 - 젖음/습기,비,단일로 - 기타,화물,여,61세,상해없음,보행자,여,86세,사망
1877,2018102600100487,2018년 10월 26일 18시,금요일,경상북도 경산시 옥산동,중상사고,0,1,0,0,차대사람 - 차도통행중,안전운전불이행,포장 - 건조,맑음,단일로 - 기타,승용,남,26세,상해없음,보행자,남,13세,중상
1878,2018102600100699,2018년 10월 26일 23시,금요일,경상북도 예천군 예천읍,사망사고,1,1,0,0,차대사람 - 기타,과속,비포장 - 젖음/습기,흐림,단일로 - 기타,승용,남,68세,상해없음,보행자,남,43세,사망