,사고번호,사고일시,요일,시군구,사고내용,사망자수,중상자수,경상자수,부상신고자수,사고유형,법규위반,노면상태,기상상태,도로형태,가해운전자 차종,가해운전자 성별,가해운전자 연령,가해운전자 상해정도,피해운전자 차종,피해운전자 성별,피해운전자 연령,피해운전자 상해정도
2207,2018121300100382,2018년 12월 13일 15시,목요일,경상북도 칠곡군 왜관읍,경상사고,0,0,1,0,차대사람 - 길가장자리구역통행중,안전운전불이행,포장 - 건조,맑음,교차로 - 교차로부근,기타불명,기타불명,미분류,기타불명,보행자,남,11세,경상
2208,2018121300100414,2018년 12월 13일 16시,목요일,경상북도 구미시 구평동,경상사고,0,0,1,0,차대사람 - 기타,안전운전불이행,포장 - 건조,맑음,단일로 - 기타,승합,남,57세,상해없음,보행자,남,28세,경상
2209,2018121300100506,2018년 12월 13일 18시,목요일,경상북도 고령군 성산면,중상사고,0,1,0,0,차대사람 - 차도통행중,안전운전불이행,포장 - 건조,맑음,단일로 - 기타,승용,여,40세,상해없음,보행자,남,54세,중상
2210,2018121300100621,2018년 12월 13일 22시,목요일,경상북도 포항시 북구 대신동,중상사고,0,1,0,0,차대사람 - 횡단중,과속,포장 - 건조,맑음,단일로 - 기타,승용,남,48세,상해없음,보행자,여,75세,중상
2211,2018121400100027,2018년 12월 14일 01시,금요일,경상북도 구미시 형곡동,중상사고,0,1,0,0,차대사람 - 기타,보행자보호의무위반,포장 - 건조,맑음,교차로 - 교차로부근,승용,남,56세,상해없음,보행자,남,52세,중상
2212,2018121400100061,2018년 12월 14일 06시,금요일,경상북도 포항시 북구 흥해읍,중상사고,0,1,0,0,차대사람 - 횡단중,신호위반,포장 - 건조,맑음,교차로 - 교차로횡단보도내,승용,남,38세,상해없음,보행자,남,31세,중상
2213,2018121400100106,2018년 12월 14일 08시,금요일,경상북도 고령군 대가야읍,중상사고,0,1,0,0,차대사람 - 횡단중,안전운전불이행,포장 - 건조,맑음,교차로 - 교차로안,화물,남,65세,상해없음,보행자,여,82세,중상
2214,2018121400100317,2018년 12월 14일 14시,금요일,경상북도 구미시 임수동,중상사고,0,1,0,0,차대사람 - 차도통행중,안전운전불이행,포장 - 건조,맑음,단일로 - 기타,이륜,남,29세,상해없음,보행자,여,90세 이상,중상
2215,2018121400100376,2018년 12월 14일 15시,금요일,경상북도 포항시 남구 지곡동,중상사고,0,1,0,0,차대사람 - 횡단중,안전운전불이행,포장 - 건조,맑음,단일로 - 기타,승용,여,46세,상해없음,보행자,여,22세,중상
2216,2018121400100524,2018년 12월 14일 18시,금요일,경상북도 영주시 조암동,경상사고,0,0,1,0,차대사람 - 횡단중,보행자보호의무위반,포장 - 건조,맑음,교차로 - 교차로횡단보도내,승용,남,44세,상해없음,보행자,남,48세,경상
2217,2018121500100075,2018년 12월 15일 03시,토요일,경상북도 포항시 북구 죽도동,중상사고,0,1,0,0,차대사람 - 기타,안전운전불이행,포장 - 건조,맑음,단일로 - 기타,승용,남,69세,상해없음,보행자,남,47세,중상
2218,2018121500100258,2018년 12월 15일 11시,토요일,경상북도 문경시 문경읍,사망사고,1,0,0,0,차대사람 - 차도통행중,보행자보호의무위반,포장 - 건조,맑음,교차로 - 교차로안,화물,남,41세,상해없음,보행자,여,66세,사망
2219,2018121500100371,2018년 12월 15일 14시,토요일,경상북도 문경시 모전동,경상사고,0,0,1,0,차대사람 - 횡단중,보행자보호의무위반,포장 - 건조,맑음,단일로 - 기타,승용,남,35세,상해없음,보행자,여,63세,경상
2220,2018121500100372,2018년 12월 15일 14시,토요일,경상북도 영덕군 영해면,중상사고,0,1,0,0,차대사람 - 기타,안전운전불이행,포장 - 건조,맑음,교차로 - 교차로부근,승용,여,54세,상해없음,보행자,여,65세,중상
2221,2018121500100416,2018년 12월 15일 15시,토요일,경상북도 경주시 신평동,중상사고,0,1,0,0,차대사람 - 길가장자리구역통행중,안전운전불이행,포장 - 건조,맑음,단일로 - 기타,승용,여,42세,상해없음,보행자,여,43세,중상
2222,2018121500100687,2018년 12월 15일 23시,토요일,경상북도 구미시 도량동,사망사고,1,0,0,0,차대사람 - 횡단중,안전운전불이행,포장 - 건조,맑음,교차로 - 교차로안,승용,남,74세,상해없음,보행자,남,64세,사망
2223,2018121600100008,2018년 12월 16일 00시,일요일,경상북도 경산시 옥산동,경상사고,0,0,1,0,차대사람 - 기타,안전운전불이행,포장 - 건조,맑음,교차로 - 교차로횡단보도내,승용,남,43세,상해없음,보행자,남,50세,경상
2224,2018121600100094,2018년 12월 16일 07시,일요일,경상북도 안동시 금곡동,중상사고,0,1,0,0,차대사람 - 기타,안전운전불이행,포장 - 건조,맑음,단일로 - 기타,승합,남,51세,상해없음,보행자,여,90세 이상,중상
2225,2018121600100225,2018년 12월 16일 15시,일요일,경상북도 포항시 북구 죽도동,경상사고,0,0,1,0,차대사람 - 기타,안전운전불이행,포장 - 건조,맑음,단일로 - 기타,승용,여,56세,상해없음,보행자,남,36세,경상
2226,2018121600100279,2018년 12월 16일 17시,일요일,경상북도 칠곡군 왜관읍,부상신고사고,0,0,0,2,차대사람 - 보도통행중,안전운전불이행,포장 - 건조,맑음,교차로 - 교차로안,승용,남,40세,상해없음,보행자,남,46세,부상신고
2227,2018121600100346,2018년 12월 16일 19시,일요일,경상북도 구미시 임은동,중상사고,0,1,0,0,차대사람 - 횡단중,보행자보호의무위반,포장 - 건조,맑음,교차로 - 교차로횡단보도내,승용,남,58세,상해없음,보행자,남,35세,중상
2228,2018121700100207,2018년 12월 17일 08시,월요일,경상북도 경산시 대평동,중상사고,0,1,0,0,차대사람 - 횡단중,안전운전불이행,포장 - 건조,맑음,교차로 - 교차로부근,승용,남,35세,상해없음,보행자,남,59세,중상
2229,2018121700100334,2018년 12월 17일 12시,월요일,경상북도 안동시 북문동,중상사고,0,1,0,0,차대사람 - 횡단중,안전운전불이행,포장 - 건조,맑음,단일로 - 기타,승용,남,58세,상해없음,보행자,남,62세,중상
2230,2018121700100335,2018년 12월 17일 12시,월요일,경상북도 영주시 영주동,중상사고,0,1,0,0,차대사람 - 횡단중,안전운전불이행,포장 - 건조,맑음,교차로 - 교차로안,승용,여,42세,상해없음,보행자,남,78세,중상
2231,2018121700100473,2018년 12월 17일 16시,월요일,경상북도 영주시 휴천동,경상사고,0,0,2,0,차대사람 - 횡단중,보행자보호의무위반,포장 - 건조,맑음,교차로 - 교차로횡단보도내,승용,여,48세,상해없음,보행자,남,17세,경상
2232,2018121700100634,2018년 12월 17일 19시,월요일,경상북도 경산시 상방동,경상사고,0,0,1,0,차대사람 - 횡단중,보행자보호의무위반,포장 - 건조,맑음,교차로 - 교차로안,승용,남,30세,상해없음,보행자,여,46세,경상
2233,2018121700100635,2018년 12월 17일 19시,월요일,경상북도 경산시 하양읍,중상사고,0,1,0,0,차대사람 - 기타,안전운전불이행,포장 - 건조,맑음,단일로 - 기타,승용,남,56세,상해없음,보행자,여,32세,중상
2234,2018121800100563,2018년 12월 18일 19시,화요일,경상북도 경산시 진량읍,경상사고,0,0,1,0,차대사람 - 횡단중,신호위반,포장 - 건조,맑음,단일로 - 기타,이륜,남,19세,상해없음,보행자,남,64세,경상
2235,2018121900100148,2018년 12월 19일 08시,수요일,경상북도 구미시 인의동,중상사고,0,1,0,0,차대사람 - 기타,안전운전불이행,포장 - 건조,맑음,단일로 - 기타,화물,남,46세,상해없음,보행자,여,7세,중상
2236,2018121900100259,2018년 12월 19일 12시,수요일,경상북도 영주시 영주동,중상사고,0,1,0,0,차대사람 - 횡단중,보행자보호의무위반,포장 - 건조,맑음,교차로 - 교차로안,화물,남,56세,상해없음,보행자,여,80세,중상
2237,2018121900100297,2018년 12월 19일 13시,수요일,경상북도 경주시 외동읍,사망사고,1,0,0,0,차대사람 - 횡단중,안전운전불이행,포장 - 건조,맑음,단일로 - 기타,승용,여,62세,상해없음,보행자,여,77세,사망
2238,2018121900100300,2018년 12월 19일 13시,수요일,경상북도 문경시 점촌동,경상사고,0,0,1,0,차대사람 - 횡단중,보행자보호의무위반,포장 - 건조,맑음,교차로 - 교차로안,승용,여,72세,상해없음,보행자,여,66세,경상
2239,2018121900100301,2018년 12월 19일 13시,수요일,경상북도 경산시 정평동,중상사고,0,1,0,0,차대사람 - 보도통행중,안전운전불이행,포장 - 건조,맑음,교차로 - 교차로안,승용,남,52세,상해없음,보행자,남,51세,중상
2240,2018121900100392,2018년 12월 19일 16시,수요일,경상북도 안동시 남문동,중상사고,0,1,0,0,차대사람 - 횡단중,안전운전불이행,포장 - 건조,맑음,단일로 - 기타,승용,여,59세,상해없음,보행자,여,65세,중상
2241,2018121900100502,2018년 12월 19일 18시,수요일,경상북도 경주시 외동읍,사망사고,1,0,0,0,차대사람 - 차도통행중,안전운전불이행,포장 - 건조,맑음,단일로 - 기타,승용,여,43세,상해없음,보행자,여,80세,사망
2242,2018122000100130,2018년 12월 20일 08시,목요일,경상북도 포항시 북구 용흥동,중상사고,0,1,0,0,차대사람 - 기타,안전운전불이행,포장 - 건조,맑음,단일로 - 기타,화물,남,46세,상해없음,보행자,여,76세,중상
2243,2018122000100165,2018년 12월 20일 09시,목요일,경상북도 울릉군 서면,중상사고,0,1,0,0,차대사람 - 길가장자리구역통행중,안전운전불이행,포장 - 건조,맑음,단일로 - 기타,화물,남,51세,상해없음,보행자,여,83세,중상
2244,2018122000100285,2018년 12월 20일 14시,목요일,경상북도 김천시 봉산면,중상사고,0,1,0,0,차대사람 - 기타,안전운전불이행,포장 - 건조,맑음,기타 - 기타,기타불명,남,53세,상해없음,보행자,여,58세,중상
2245,2018122000100434,2018년 12월 20일 18시,목요일,경상북도 영천시 망정동,경상사고,0,0,1,0,차대사람 - 횡단중,안전운전불이행,포장 - 건조,맑음,단일로 - 기타,승용,여,49세,상해없음,보행자,남,10세,경상
2246,2018122000100481,2018년 12월 20일 19시,목요일,경상북도 포항시 북구 덕산동,경상사고,0,0,1,0,차대사람 - 기타,기타,포장 - 건조,맑음,기타 - 기타,승용,여,44세,상해없음,보행자,남,30세,경상
2247,2018122000100578,2018년 12월 20일 22시,목요일,경상북도 경산시 중산동,경상사고,0,0,1,0,차대사람 - 횡단중,안전운전불이행,포장 - 건조,맑음,교차로 - 교차로안,승용,여,61세,상해없음,보행자,여,58세,경상
2248,2018122100100027,2018년 12월 21일 01시,금요일,경상북도 영천시 완산동,경상사고,0,0,1,0,차대사람 - 보도통행중,기타,포장 - 건조,맑음,단일로 - 기타,승용,남,79세,상해없음,보행자,여,66세,경상
2249,2018122100100123,2018년 12월 21일 07시,금요일,경상북도 구미시 공단동,중상사고,0,1,0,0,차대사람 - 기타,안전운전불이행,포장 - 건조,맑음,단일로 - 기타,승용,여,69세,상해없음,보행자,여,86세,중상
2250,2018122100100340,2018년 12월 21일 14시,금요일,경상북도 상주시 냉림동,경상사고,0,0,1,0,차대사람 - 길가장자리구역통행중,안전운전불이행,포장 - 건조,맑음,단일로 - 기타,승합,남,56세,상해없음,보행자,남,65세,경상
2251,2018122100100341,2018년 12월 21일 14시,금요일,경상북도 영주시 영주동,중상사고,0,1,0,0,차대사람 - 횡단중,보행자보호의무위반,포장 - 건조,맑음,교차로 - 교차로부근,승용,여,69세,상해없음,보행자,남,54세,중상
2252,2018122100100449,2018년 12월 21일 17시,금요일,경상북도 포항시 남구 연일읍,사망사고,1,0,0,0,차대사람 - 횡단중,안전운전불이행,포장 - 건조,맑음,단일로 - 기타,승용,남,69세,상해없음,보행자,여,77세,사망
2253,2018122100100523,2018년 12월 21일 18시,금요일,경상북도 경주시 황오동,경상사고,0,0,1,0,차대사람 - 횡단중,보행자보호의무위반,포장 - 건조,맑음,단일로 - 기타,승용,여,57세,상해없음,보행자,남,28세,경상
2254,2018122100100564,2018년 12월 21일 19시,금요일,경상북도 칠곡군 왜관읍,경상사고,0,0,1,0,차대사람 - 횡단중,안전운전불이행,포장 - 건조,맑음,단일로 - 기타,승용,여,42세,상해없음,보행자,남,70세,경상
2255,2018122100100603,2018년 12월 21일 20시,금요일,경상북도 문경시 흥덕동,경상사고,0,0,1,0,차대사람 - 횡단중,보행자보호의무위반,포장 - 건조,맑음,교차로 - 교차로안,승용,여,41세,상해없음,보행자,남,70세,경상
2256,2018122100100626,2018년 12월 21일 21시,금요일,경상북도 경산시 중방동,중상사고,0,1,0,0,차대사람 - 횡단중,보행자보호의무위반,포장 - 건조,맑음,교차로 - 교차로횡단보도내,승용,남,25세,상해없음,보행자,여,53세,중상
2257,2018122200100120,2018년 12월 22일 07시,토요일,경상북도 경주시 성건동,중상사고,0,1,0,0,차대사람 - 길가장자리구역통행중,안전운전불이행,포장 - 건조,맑음,단일로 - 기타,승용,남,46세,상해없음,보행자,여,58세,중상
2258,2018122200100142,2018년 12월 22일 08시,토요일,경상북도 예천군 호명면,사망사고,1,0,0,0,차대사람 - 차도통행중,과속,포장 - 건조,맑음,단일로 - 기타,승용,여,23세,상해없음,보행자,여,29세,사망
2259,2018122200100273,2018년 12월 22일 12시,토요일,경상북도 구미시 옥계동,경상사고,0,0,1,0,차대사람 - 기타,안전운전불이행,포장 - 건조,맑음,단일로 - 기타,승용,남,47세,상해없음,보행자,여,35세,경상
2260,2018122200100460,2018년 12월 22일 17시,토요일,경상북도 울진군 울진읍,중상사고,0,1,0,0,차대사람 - 길가장자리구역통행중,안전운전불이행,포장 - 건조,맑음,기타 - 기타,화물,남,37세,상해없음,보행자,여,60세,중상
2261,2018122200100532,2018년 12월 22일 19시,토요일,경상북도 포항시 북구 두호동,사망사고,1,0,0,0,차대사람 - 차도통행중,안전운전불이행,포장 - 건조,맑음,단일로 - 기타,승용,여,49세,상해없음,보행자,남,50세,사망
2262,2018122200100577,2018년 12월 22일 21시,토요일,경상북도 포항시 남구 오천읍,중상사고,0,1,0,0,차대사람 - 횡단중,과속,포장 - 건조,맑음,교차로 - 교차로횡단보도내,승용,남,50세,상해없음,보행자,남,60세,중상
2263,2018122300100017,2018년 12월 23일 00시,일요일,경상북도 경주시 동천동,중상사고,0,1,0,0,차대사람 - 길가장자리구역통행중,안전운전불이행,포장 - 건조,맑음,단일로 - 기타,승용,남,46세,상해없음,보행자,남,47세,중상
2264,2018122300100074,2018년 12월 23일 04시,일요일,경상북도 김천시 율곡동,중상사고,0,1,0,0,차대사람 - 횡단중,신호위반,포장 - 건조,맑음,교차로 - 교차로안,승용,남,33세,상해없음,보행자,여,73세,중상
2265,2018122300100095,2018년 12월 23일 06시,일요일,경상북도 포항시 북구 죽도동,경상사고,0,0,1,0,차대사람 - 횡단중,안전운전불이행,포장 - 젖음/습기,비,단일로 - 기타,승용,여,60세,상해없음,보행자,여,36세,상해없음
2266,2018122300100105,2018년 12월 23일 07시,일요일,경상북도 영주시 가흥동,경상사고,0,0,1,0,차대사람 - 횡단중,안전운전불이행,포장 - 건조,맑음,교차로 - 교차로안,화물,남,40세,상해없음,보행자,남,58세,경상
2267,2018122300100141,2018년 12월 23일 10시,일요일,경상북도 영덕군 영덕읍,중상사고,0,1,0,0,차대사람 - 횡단중,안전운전불이행,포장 - 건조,맑음,단일로 - 기타,승용,남,22세,상해없음,보행자,남,66세,중상
2268,2018122300100157,2018년 12월 23일 11시,일요일,경상북도 영천시 문외동,경상사고,0,0,1,0,차대사람 - 횡단중,안전운전불이행,포장 - 건조,맑음,단일로 - 기타,승용,여,58세,상해없음,보행자,남,54세,경상
2269,2018122300100198,2018년 12월 23일 13시,일요일,경상북도 예천군 예천읍,중상사고,0,1,0,0,차대사람 - 횡단중,보행자보호의무위반,포장 - 건조,맑음,교차로 - 교차로횡단보도내,승용,여,58세,상해없음,보행자,여,60세,중상
2270,2018122300100335,2018년 12월 23일 18시,일요일,경상북도 경주시 황성동,중상사고,0,1,0,0,차대사람 - 횡단중,안전운전불이행,포장 - 건조,맑음,주차장 - 주차장,승용,남,19세,상해없음,보행자,남,68세,중상
2271,2018122300100336,2018년 12월 23일 18시,일요일,경상북도 경산시 옥산동,중상사고,0,1,0,0,차대사람 - 횡단중,안전운전불이행,포장 - 건조,맑음,단일로 - 기타,승용,여,57세,상해없음,보행자,여,60세,중상
2272,2018122400100176,2018년 12월 24일 10시,월요일,경상북도 포항시 북구 흥해읍,중상사고,0,1,0,0,차대사람 - 횡단중,안전운전불이행,포장 - 건조,맑음,단일로 - 기타,승용,여,55세,상해없음,보행자,여,78세,중상
2273,2018122400100181,2018년 12월 24일 10시,월요일,경상북도 구미시 원평동,중상사고,0,1,1,0,차대사람 - 기타,안전운전불이행,포장 - 건조,맑음,주차장 - 주차장,승용,여,71세,상해없음,보행자,남,77세,중상
2274,2018122400100488,2018년 12월 24일 18시,월요일,경상북도 영천시 금호읍,경상사고,0,0,1,0,차대사람 - 횡단중,안전운전불이행,포장 - 건조,맑음,교차로 - 교차로안,승용,여,64세,상해없음,보행자,남,83세,경상
2275,2018122400100490,2018년 12월 24일 18시,월요일,경상북도 경산시 중방동,경상사고,0,0,1,0,차대사람 - 횡단중,보행자보호의무위반,포장 - 건조,맑음,교차로 - 교차로횡단보도내,이륜,남,28세,상해없음,보행자,여,56세,경상
2276,2018122400100491,2018년 12월 24일 18시,월요일,경상북도 성주군 월항면,사망사고,1,0,0,0,차대사람 - 횡단중,안전운전불이행,포장 - 건조,맑음,단일로 - 기타,승용,남,47세,상해없음,보행자,여,66세,사망
2277,2018122400100544,2018년 12월 24일 19시,월요일,경상북도 경산시 하양읍,경상사고,0,0,1,0,차대사람 - 보도통행중,기타,포장 - 건조,맑음,단일로 - 기타,승용,남,58세,상해없음,보행자,여,21세,경상
2278,2018122400100580,2018년 12월 24일 20시,월요일,경상북도 경주시 내남면,사망사고,1,0,0,0,차대사람 - 차도통행중,안전운전불이행,포장 - 건조,맑음,단일로 - 기타,화물,남,53세,상해없음,보행자,남,83세,사망
2279,2018122400100629,2018년 12월 24일 22시,월요일,경상북도 안동시 당북동,중상사고,0,1,0,0,차대사람 - 횡단중,안전운전불이행,포장 - 건조,맑음,단일로 - 기타,승용,남,26세,상해없음,보행자,여,59세,중상
2280,2018122500100074,2018년 12월 25일 05시,화요일,경상북도 구미시 선산읍,중상사고,0,1,0,0,차대사람 - 기타,안전운전불이행,포장 - 건조,맑음,단일로 - 기타,승용,남,70세,상해없음,보행자,남,66세,중상
2281,2018122500100299,2018년 12월 25일 18시,화요일,경상북도 포항시 남구 오천읍,경상사고,0,0,1,0,차대사람 - 기타,보행자보호의무위반,포장 - 건조,맑음,교차로 - 교차로안,승용,여,68세,상해없음,보행자,여,57세,경상
2282,2018122500100355,2018년 12월 25일 20시,화요일,경상북도 영천시 완산동,경상사고,0,0,1,0,차대사람 - 횡단중,안전운전불이행,포장 - 건조,맑음,교차로 - 교차로안,승용,남,28세,상해없음,보행자,여,70세,경상
2283,2018122500100419,2018년 12월 25일 23시,화요일,경상북도 경주시 성건동,경상사고,0,0,1,0,차대사람 - 길가장자리구역통행중,안전운전불이행,포장 - 건조,맑음,단일로 - 기타,승용,남,25세,상해없음,보행자,남,22세,경상
2284,2018122600100229,2018년 12월 26일 12시,수요일,경상북도 칠곡군 가산면,중상사고,0,1,0,0,차대사람 - 횡단중,안전운전불이행,포장 - 건조,맑음,단일로 - 기타,화물,남,60세,상해없음,보행자,남,56세,중상
2285,2018122600100230,2018년 12월 26일 12시,수요일,경상북도 문경시 모전동,중상사고,0,1,0,0,차대사람 - 차도통행중,안전운전불이행,포장 - 건조,맑음,단일로 - 기타,화물,남,55세,상해없음,보행자,여,67세,중상
2286,2018122600100363,2018년 12월 26일 16시,수요일,경상북도 경산시 대동,경상사고,0,0,1,0,차대사람 - 길가장자리구역통행중,안전운전불이행,포장 - 건조,맑음,단일로 - 기타,이륜,남,30세,상해없음,보행자,여,81세,경상
2287,2018122600100401,2018년 12월 26일 17시,수요일,경상북도 구미시 상모동,경상사고,0,0,1,0,차대사람 - 기타,안전운전불이행,포장 - 건조,맑음,교차로 - 교차로안,이륜,남,36세,경상,보행자,여,17세,상해없음
2288,2018122600100512,2018년 12월 26일 20시,수요일,경상북도 영천시 야사동,중상사고,0,1,0,0,차대사람 - 차도통행중,안전운전불이행,포장 - 건조,맑음,주차장 - 주차장,승용,남,46세,상해없음,보행자,남,68세,중상
2289,2018122600100547,2018년 12월 26일 21시,수요일,경상북도 영천시 망정동,경상사고,0,0,1,0,차대사람 - 기타,안전운전불이행,포장 - 건조,맑음,교차로 - 교차로부근,이륜,남,23세,상해없음,보행자,여,49세,경상
2290,2018122700100073,2018년 12월 27일 05시,목요일,경상북도 영천시 문외동,경상사고,0,0,1,0,차대사람 - 횡단중,안전운전불이행,포장 - 건조,맑음,교차로 - 교차로안,승용,남,30세,상해없음,보행자,남,52세,경상
2291,2018122700100237,2018년 12월 27일 12시,목요일,경상북도 포항시 북구 창포동,경상사고,0,0,1,0,차대사람 - 기타,안전운전불이행,포장 - 건조,맑음,교차로 - 교차로횡단보도내,승용,남,34세,상해없음,보행자,남,53세,경상
2292,2018122700100239,2018년 12월 27일 12시,목요일,경상북도 영주시 휴천동,중상사고,0,1,0,0,차대사람 - 횡단중,보행자보호의무위반,포장 - 건조,맑음,단일로 - 기타,승용,남,75세,상해없음,보행자,여,77세,중상
2293,2018122700100272,2018년 12월 27일 13시,목요일,경상북도 포항시 북구 동빈1가,경상사고,0,0,1,0,차대사람 - 횡단중,안전운전불이행,포장 - 건조,맑음,교차로 - 교차로안,승용,여,54세,상해없음,보행자,여,69세,경상
2294,2018122700100358,2018년 12월 27일 16시,목요일,경상북도 김천시 감문면,중상사고,0,1,0,0,차대사람 - 길가장자리구역통행중,안전운전불이행,포장 - 건조,맑음,단일로 - 기타,승용,남,50세,상해없음,보행자,남,61세,중상
2295,2018122700100359,2018년 12월 27일 16시,목요일,경상북도 영천시 금호읍,중상사고,0,1,0,0,차대사람 - 횡단중,보행자보호의무위반,포장 - 건조,맑음,교차로 - 교차로횡단보도내,승용,남,54세,상해없음,보행자,여,72세,중상
2296,2018122800100174,2018년 12월 28일 10시,금요일,경상북도 포항시 남구 대도동,경상사고,0,0,1,0,차대사람 - 기타,안전운전불이행,포장 - 건조,맑음,단일로 - 기타,승용,남,75세,상해없음,보행자,여,25세,경상
2297,2018122800100197,2018년 12월 28일 11시,금요일,경상북도 김천시 신음동,경상사고,0,0,1,0,차대사람 - 횡단중,안전운전불이행,포장 - 건조,맑음,교차로 - 교차로안,승용,남,32세,상해없음,보행자,남,36세,경상
2298,2018122800100227,2018년 12월 28일 12시,금요일,경상북도 안동시 명륜동,경상사고,0,0,1,0,차대사람 - 횡단중,보행자보호의무위반,포장 - 건조,맑음,교차로 - 교차로부근,화물,남,40세,상해없음,보행자,남,24세,경상
2299,2018122800100346,2018년 12월 28일 15시,금요일,경상북도 포항시 북구 흥해읍,중상사고,0,1,0,0,차대사람 - 기타,안전운전불이행,포장 - 건조,맑음,단일로 - 기타,승용,여,35세,상해없음,보행자,여,82세,중상
2300,2018122800100428,2018년 12월 28일 17시,금요일,경상북도 포항시 남구 상도동,경상사고,0,0,2,0,차대사람 - 횡단중,신호위반,포장 - 건조,맑음,교차로 - 교차로횡단보도내,승용,여,40세,상해없음,보행자,여,65세,경상
2301,2018122800100561,2018년 12월 28일 20시,금요일,경상북도 경주시 외동읍,사망사고,1,0,0,0,차대사람 - 횡단중,안전운전불이행,포장 - 건조,맑음,단일로 - 지하차도(도로)내,승용,남,47세,상해없음,보행자,여,50세,사망
2302,2018122800100659,2018년 12월 28일 23시,금요일,경상북도 구미시 인의동,중상사고,0,1,1,0,차대사람 - 차도통행중,안전운전불이행,포장 - 건조,맑음,교차로 - 교차로안,승용,여,61세,상해없음,보행자,남,52세,경상
2303,2018122900100188,2018년 12월 29일 12시,토요일,경상북도 경주시 황성동,중상사고,0,1,0,0,차대사람 - 횡단중,안전운전불이행,포장 - 건조,맑음,교차로 - 교차로안,승용,남,69세,상해없음,보행자,여,74세,중상
2304,2018122900100218,2018년 12월 29일 13시,토요일,경상북도 영천시 금호읍,중상사고,0,1,0,0,차대사람 - 횡단중,기타,포장 - 건조,맑음,단일로 - 기타,승합,남,56세,상해없음,보행자,여,81세,중상
2305,2018122900100468,2018년 12월 29일 22시,토요일,경상북도 청송군 청송읍,중상사고,0,1,0,0,차대사람 - 길가장자리구역통행중,안전운전불이행,포장 - 건조,맑음,교차로 - 교차로안,승용,남,33세,상해없음,보행자,여,50세,중상
2306,2018123000100079,2018년 12월 30일 06시,일요일,경상북도 경주시 황성동,중상사고,0,1,0,0,차대사람 - 길가장자리구역통행중,안전운전불이행,포장 - 건조,맑음,교차로 - 교차로안,승용,남,70세,상해없음,보행자,여,65세,중상
2307,2018123000100121,2018년 12월 30일 10시,일요일,경상북도 칠곡군 북삼읍,경상사고,0,0,1,0,차대사람 - 횡단중,안전운전불이행,포장 - 건조,맑음,교차로 - 교차로횡단보도내,특수,남,43세,상해없음,보행자,여,67세,경상
2308,2018123000100292,2018년 12월 30일 18시,일요일,경상북도 안동시 북문동,중상사고,0,1,0,0,차대사람 - 횡단중,안전운전불이행,포장 - 건조,맑음,단일로 - 기타,승용,여,26세,상해없음,보행자,여,86세,중상
2309,2018123100100120,2018년 12월 31일 09시,월요일,경상북도 영양군 석보면,경상사고,0,0,1,0,차대사람 - 길가장자리구역통행중,안전운전불이행,포장 - 건조,맑음,단일로 - 기타,승용,남,70세,상해없음,보행자,여,74세,경상
2310,2018123100100174,2018년 12월 31일 11시,월요일,경상북도 경주시 노동동,중상사고,0,1,0,0,차대사람 - 길가장자리구역통행중,안전운전불이행,포장 - 건조,맑음,교차로 - 교차로안,승용,남,45세,상해없음,보행자,남,27세,중상
2311,2018123100100212,2018년 12월 31일 12시,월요일,경상북도 경산시 중방동,경상사고,0,0,1,0,차대사람 - 기타,안전운전불이행,포장 - 건조,맑음,단일로 - 기타,승용,여,41세,상해없음,보행자,여,70세,경상
2312,2018123100100244,2018년 12월 31일 13시,월요일,경상북도 포항시 북구 상원동,경상사고,0,0,1,0,차대사람 - 기타,안전운전불이행,포장 - 건조,맑음,단일로 - 기타,승용,남,31세,상해없음,보행자,남,49세,경상
2313,2018123100100272,2018년 12월 31일 14시,월요일,경상북도 김천시 율곡동,경상사고,0,0,1,0,차대사람 - 횡단중,신호위반,포장 - 건조,맑음,교차로 - 교차로안,승합,여,34세,상해없음,보행자,남,8세,경상
2314,2018123100100400,2018년 12월 31일 17시,월요일,경상북도 구미시 원평동,경상사고,0,0,1,0,차대사람 - 보도통행중,안전운전불이행,포장 - 건조,맑음,단일로 - 기타,기타불명,기타불명,미분류,기타불명,보행자,여,61세,경상
2315,2018123100100630,2018년 12월 31일 23시,월요일,경상북도 경주시 성건동,경상사고,0,0,1,0,차대사람 - 길가장자리구역통행중,안전운전불이행,포장 - 건조,맑음,단일로 - 기타,승용,여,38세,상해없음,보행자,남,21세,경상